file,reference,module1_score,module2_score,label
E:\UMD\Data_641_PCS1\NLP_project\PronounceAI\librispeech\LibriSpeech\train-clean-100\103\1240\103-1240-0000.flac,chapter one missus rachel lynde is surprised missus rachel lynde lived just where the avonlea main road dipped down into a little hollow fringed with alders and ladies eardrops and traversed by a brook,100.0,95.61,1
E:\UMD\Data_641_PCS1\NLP_project\PronounceAI\librispeech\LibriSpeech\train-clean-100\103\1240\103-1240-0000.flac_aug,chapter one missus rachel lynde is surprised missus rachel lynde lived just where the avonlea main road dipped down into a little hollow fringed with alders and ladies eardrops and traversed by a brook,40.68,0.0,0
E:\UMD\Data_641_PCS1\NLP_project\PronounceAI\librispeech\LibriSpeech\train-clean-100\103\1240\103-1240-0001.flac,that had its source away back in the woods of the old cuthbert place it was reputed to be an intricate headlong brook in its earlier course through those woods with dark secrets of pool and cascade but by the time it reached lynde's hollow it was a quiet well conducted little stream,100.0,96.15,1
E:\UMD\Data_641_PCS1\NLP_project\PronounceAI\librispeech\LibriSpeech\train-clean-100\103\1240\103-1240-0001.flac_aug,that had its source away back in the woods of the old cuthbert place it was reputed to be an intricate headlong brook in its earlier course through those woods with dark secrets of pool and cascade but by the time it reached lynde's hollow it was a quiet well conducted little stream,31.71,0.25,0
E:\UMD\Data_641_PCS1\NLP_project\PronounceAI\librispeech\LibriSpeech\train-clean-100\103\1240\103-1240-0002.flac,for not even a brook could run past missus rachel lynde's door without due regard for decency and decorum it probably was conscious that missus rachel was sitting at her window keeping a sharp eye on everything that passed from brooks and children up,100.0,97.14,1
E:\UMD\Data_641_PCS1\NLP_project\PronounceAI\librispeech\LibriSpeech\train-clean-100\103\1240\103-1240-0002.flac_aug,for not even a brook could run past missus rachel lynde's door without due regard for decency and decorum it probably was conscious that missus rachel was sitting at her window keeping a sharp eye on everything that passed from brooks and children up,89.19,51.57,0
E:\UMD\Data_641_PCS1\NLP_project\PronounceAI\librispeech\LibriSpeech\train-clean-100\103\1240\103-1240-0003.flac,and that if she noticed anything odd or out of place she would never rest until she had ferreted out the whys and wherefores thereof there are plenty of people in avonlea and out of it who can attend closely to their neighbor's business by dint of neglecting their own,100.0,90.83,1
E:\UMD\Data_641_PCS1\NLP_project\PronounceAI\librispeech\LibriSpeech\train-clean-100\103\1240\103-1240-0003.flac_aug,and that if she noticed anything odd or out of place she would never rest until she had ferreted out the whys and wherefores thereof there are plenty of people in avonlea and out of it who can attend closely to their neighbor's business by dint of neglecting their own,68.29,0.25,0
E:\UMD\Data_641_PCS1\NLP_project\PronounceAI\librispeech\LibriSpeech\train-clean-100\103\1240\103-1240-0004.flac,but missus rachel lynde was one of those capable creatures who can manage their own concerns and those of other folks into the bargain she was a notable housewife her work was always done and well done she ran the sewing circle,100.0,95.02,1
E:\UMD\Data_641_PCS1\NLP_project\PronounceAI\librispeech\LibriSpeech\train-clean-100\103\1240\103-1240-0004.flac_aug,but missus rachel lynde was one of those capable creatures who can manage their own concerns and those of other folks into the bargain she was a notable housewife her work was always done and well done she ran the sewing circle,52.31,10.94,0
E:\UMD\Data_641_PCS1\NLP_project\PronounceAI\librispeech\LibriSpeech\train-clean-100\103\1240\103-1240-0005.flac,helped run the sunday school and was the strongest prop of the church aid society and foreign missions auxiliary yet with all this missus rachel found abundant time to sit for hours at her kitchen window knitting cotton warp quilts she had knitted sixteen of them,100.0,96.82,1
E:\UMD\Data_641_PCS1\NLP_project\PronounceAI\librispeech\LibriSpeech\train-clean-100\103\1240\103-1240-0005.flac_aug,helped run the sunday school and was the strongest prop of the church aid society and foreign missions auxiliary yet with all this missus rachel found abundant time to sit for hours at her kitchen window knitting cotton warp quilts she had knitted sixteen of them,63.29,0.0,0
E:\UMD\Data_641_PCS1\NLP_project\PronounceAI\librispeech\LibriSpeech\train-clean-100\103\1240\103-1240-0006.flac,as avonlea housekeepers were wont to tell in awed voices and keeping a sharp eye on the main road that crossed the hollow and wound up the steep red hill beyond,100.0,95.01,1
E:\UMD\Data_641_PCS1\NLP_project\PronounceAI\librispeech\LibriSpeech\train-clean-100\103\1240\103-1240-0006.flac_aug,as avonlea housekeepers were wont to tell in awed voices and keeping a sharp eye on the main road that crossed the hollow and wound up the steep red hill beyond,64.29,5.54,0
E:\UMD\Data_641_PCS1\NLP_project\PronounceAI\librispeech\LibriSpeech\train-clean-100\103\1240\103-1240-0007.flac,anybody who went out of it or into it had to pass over that hill road and so run the unseen gauntlet of missus rachel's all seeing eye she was sitting there one afternoon in early june the sun was coming in at the window warm and bright,100.0,96.21,1
E:\UMD\Data_641_PCS1\NLP_project\PronounceAI\librispeech\LibriSpeech\train-clean-100\103\1240\103-1240-0007.flac_aug,anybody who went out of it or into it had to pass over that hill road and so run the unseen gauntlet of missus rachel's all seeing eye she was sitting there one afternoon in early june the sun was coming in at the window warm and bright,31.58,0.0,0
E:\UMD\Data_641_PCS1\NLP_project\PronounceAI\librispeech\LibriSpeech\train-clean-100\103\1240\103-1240-0008.flac,the orchard on the slope below the house was in a bridal flush of pinky white bloom hummed over by a myriad of bees thomas lynde a meek little man whom avonlea people called rachel lynde's husband was sowing his late turnip seed on the hill field beyond the barn,100.0,95.29,1
E:\UMD\Data_641_PCS1\NLP_project\PronounceAI\librispeech\LibriSpeech\train-clean-100\103\1240\103-1240-0008.flac_aug,the orchard on the slope below the house was in a bridal flush of pinky white bloom hummed over by a myriad of bees thomas lynde a meek little man whom avonlea people called rachel lynde's husband was sowing his late turnip seed on the hill field beyond the barn,34.15,0.0,0
E:\UMD\Data_641_PCS1\NLP_project\PronounceAI\librispeech\LibriSpeech\train-clean-100\103\1240\103-1240-0009.flac,missus rachel knew that he ought because she had heard him tell peter morrison the evening before in william j blair's store over at carmody that he meant to sow his turnip seed the next afternoon,93.94,94.27,1
E:\UMD\Data_641_PCS1\NLP_project\PronounceAI\librispeech\LibriSpeech\train-clean-100\103\1240\103-1240-0009.flac_aug,missus rachel knew that he ought because she had heard him tell peter morrison the evening before in william j blair's store over at carmody that he meant to sow his turnip seed the next afternoon,16.13,5.94,0
E:\UMD\Data_641_PCS1\NLP_project\PronounceAI\librispeech\LibriSpeech\train-clean-100\103\1240\103-1240-0010.flac,peter had asked him of course for matthew cuthbert had never been known to volunteer information about anything in his whole life and yet here was matthew cuthbert at half past three on the afternoon of a busy day placidly driving over the hollow and up the hill,100.0,96.07,1
E:\UMD\Data_641_PCS1\NLP_project\PronounceAI\librispeech\LibriSpeech\train-clean-100\103\1240\103-1240-0010.flac_aug,peter had asked him of course for matthew cuthbert had never been known to volunteer information about anything in his whole life and yet here was matthew cuthbert at half past three on the afternoon of a busy day placidly driving over the hollow and up the hill,36.36,7.19,0
E:\UMD\Data_641_PCS1\NLP_project\PronounceAI\librispeech\LibriSpeech\train-clean-100\103\1240\103-1240-0011.flac,and his best suit of clothes which was plain proof that he was going out of avonlea and he had the buggy and the sorrel mare which betokened that he was going a considerable distance now where was matthew cuthbert going and why was he going there,100.0,41.72,1
E:\UMD\Data_641_PCS1\NLP_project\PronounceAI\librispeech\LibriSpeech\train-clean-100\103\1240\103-1240-0011.flac_aug,and his best suit of clothes which was plain proof that he was going out of avonlea and he had the buggy and the sorrel mare which betokened that he was going a considerable distance now where was matthew cuthbert going and why was he going there,27.12,1.25,0
E:\UMD\Data_641_PCS1\NLP_project\PronounceAI\librispeech\LibriSpeech\train-clean-100\103\1240\103-1240-0012.flac,had it been any other man in avonlea missus rachel deftly putting this and that together might have given a pretty good guess as to both questions but matthew so rarely went from home that it must be something pressing and unusual which was taking him,100.0,90.01,1
E:\UMD\Data_641_PCS1\NLP_project\PronounceAI\librispeech\LibriSpeech\train-clean-100\103\1240\103-1240-0012.flac_aug,had it been any other man in avonlea missus rachel deftly putting this and that together might have given a pretty good guess as to both questions but matthew so rarely went from home that it must be something pressing and unusual which was taking him,4.0,1.75,0
E:\UMD\Data_641_PCS1\NLP_project\PronounceAI\librispeech\LibriSpeech\train-clean-100\103\1240\103-1240-0013.flac,he was the shyest man alive and hated to have to go among strangers or to any place where he might have to talk matthew dressed up with a white collar and driving in a buggy was something that didn't happen often missus rachel ponder as she might could make nothing of it,100.0,95.2,1
E:\UMD\Data_641_PCS1\NLP_project\PronounceAI\librispeech\LibriSpeech\train-clean-100\103\1240\103-1240-0013.flac_aug,he was the shyest man alive and hated to have to go among strangers or to any place where he might have to talk matthew dressed up with a white collar and driving in a buggy was something that didn't happen often missus rachel ponder as she might could make nothing of it,56.1,8.94,0
E:\UMD\Data_641_PCS1\NLP_project\PronounceAI\librispeech\LibriSpeech\train-clean-100\103\1240\103-1240-0014.flac,and her afternoon's enjoyment was spoiled i'll just step over to green gables after tea and find out from marilla where he's gone and why the worthy woman finally concluded he doesn't generally go to town this time of year and he never visits,100.0,84.55,1
E:\UMD\Data_641_PCS1\NLP_project\PronounceAI\librispeech\LibriSpeech\train-clean-100\103\1240\103-1240-0014.flac_aug,and her afternoon's enjoyment was spoiled i'll just step over to green gables after tea and find out from marilla where he's gone and why the worthy woman finally concluded he doesn't generally go to town this time of year and he never visits,43.59,0.0,0
E:\UMD\Data_641_PCS1\NLP_project\PronounceAI\librispeech\LibriSpeech\train-clean-100\103\1240\103-1240-0015.flac,if he'd run out of turnip seed he wouldn't dress up and take the buggy to go for more,100.0,39.34,1
E:\UMD\Data_641_PCS1\NLP_project\PronounceAI\librispeech\LibriSpeech\train-clean-100\103\1240\103-1240-0015.flac_aug,if he'd run out of turnip seed he wouldn't dress up and take the buggy to go for more,0.0,0.25,0
E:\UMD\Data_641_PCS1\NLP_project\PronounceAI\librispeech\LibriSpeech\train-clean-100\103\1240\103-1240-0016.flac,yet something must have happened since last night to start him off i'm clean puzzled that's what and i won't know a minute's peace of mind or conscience until i know what has taken matthew cuthbert out of avonlea today accordingly after tea missus rachel set out she had not far to go,100.0,91.99,1
E:\UMD\Data_641_PCS1\NLP_project\PronounceAI\librispeech\LibriSpeech\train-clean-100\103\1240\103-1240-0016.flac_aug,yet something must have happened since last night to start him off i'm clean puzzled that's what and i won't know a minute's peace of mind or conscience until i know what has taken matthew cuthbert out of avonlea today accordingly after tea missus rachel set out she had not far to go,0.0,0.0,0
E:\UMD\Data_641_PCS1\NLP_project\PronounceAI\librispeech\LibriSpeech\train-clean-100\103\1240\103-1240-0017.flac,the big rambling orchard embowered house where the cuthberts lived was a scant quarter of a mile up the road from lynde's hollow to be sure the long lane made it a good deal further matthew cuthbert's father as shy and silent as his son after him,100.0,94.29,1
E:\UMD\Data_641_PCS1\NLP_project\PronounceAI\librispeech\LibriSpeech\train-clean-100\103\1240\103-1240-0017.flac_aug,the big rambling orchard embowered house where the cuthberts lived was a scant quarter of a mile up the road from lynde's hollow to be sure the long lane made it a good deal further matthew cuthbert's father as shy and silent as his son after him,47.22,0.0,0
E:\UMD\Data_641_PCS1\NLP_project\PronounceAI\librispeech\LibriSpeech\train-clean-100\103\1240\103-1240-0018.flac,had got as far away as he possibly could from his fellow men without actually retreating into the woods when he founded his homestead green gables was built at the furthest edge of his cleared land and there it was to this day,100.0,89.4,1
E:\UMD\Data_641_PCS1\NLP_project\PronounceAI\librispeech\LibriSpeech\train-clean-100\103\1240\103-1240-0018.flac_aug,had got as far away as he possibly could from his fellow men without actually retreating into the woods when he founded his homestead green gables was built at the furthest edge of his cleared land and there it was to this day,52.78,4.25,0
E:\UMD\Data_641_PCS1\NLP_project\PronounceAI\librispeech\LibriSpeech\train-clean-100\103\1240\103-1240-0019.flac,barely visible from the main road along which all the other avonlea houses were so sociably situated missus rachel lynde did not call living in such a place living at all it's just staying that's what she said as she stepped along the deep rutted grassy lane,100.0,97.26,1
E:\UMD\Data_641_PCS1\NLP_project\PronounceAI\librispeech\LibriSpeech\train-clean-100\103\1240\103-1240-0019.flac_aug,barely visible from the main road along which all the other avonlea houses were so sociably situated missus rachel lynde did not call living in such a place living at all it's just staying that's what she said as she stepped along the deep rutted grassy lane,69.88,1.25,0
E:\UMD\Data_641_PCS1\NLP_project\PronounceAI\librispeech\LibriSpeech\train-clean-100\103\1240\103-1240-0020.flac,bordered with wild rose bushes it's no wonder matthew and marilla are both a little odd living away back here by themselves trees aren't much company though dear knows if they were there'd be enough of them i'd ruther look at people to be sure,97.73,98.31,1
E:\UMD\Data_641_PCS1\NLP_project\PronounceAI\librispeech\LibriSpeech\train-clean-100\103\1240\103-1240-0020.flac_aug,bordered with wild rose bushes it's no wonder matthew and marilla are both a little odd living away back here by themselves trees aren't much company though dear knows if they were there'd be enough of them i'd ruther look at people to be sure,0.0,0.0,0
E:\UMD\Data_641_PCS1\NLP_project\PronounceAI\librispeech\LibriSpeech\train-clean-100\103\1240\103-1240-0021.flac,they seem contented enough but then i suppose they're used to it a body can get used to anything even to being hanged as the irishman said with this missus rachel stepped out of the lane into the backyard of green gables very green and neat and precise was that yard,100.0,95.12,1
E:\UMD\Data_641_PCS1\NLP_project\PronounceAI\librispeech\LibriSpeech\train-clean-100\103\1240\103-1240-0021.flac_aug,they seem contented enough but then i suppose they're used to it a body can get used to anything even to being hanged as the irishman said with this missus rachel stepped out of the lane into the backyard of green gables very green and neat and precise was that yard,48.84,10.46,0
E:\UMD\Data_641_PCS1\NLP_project\PronounceAI\librispeech\LibriSpeech\train-clean-100\103\1240\103-1240-0022.flac,set about on one side with great patriarchal willows and the other with prim lombardies not a stray stick nor stone was to be seen for missus rachel would have seen it if there had been privately she was of the opinion that marilla cuthbert swept that yard over as often as she swept her house,100.0,98.76,1
E:\UMD\Data_641_PCS1\NLP_project\PronounceAI\librispeech\LibriSpeech\train-clean-100\103\1240\103-1240-0022.flac_aug,set about on one side with great patriarchal willows and the other with prim lombardies not a stray stick nor stone was to be seen for missus rachel would have seen it if there had been privately she was of the opinion that marilla cuthbert swept that yard over as often as she swept her house,44.68,13.4,0
E:\UMD\Data_641_PCS1\NLP_project\PronounceAI\librispeech\LibriSpeech\train-clean-100\103\1240\103-1240-0023.flac,one could have eaten a meal off the ground without overbrimming the proverbial peck of dirt missus rachel rapped smartly at the kitchen door and stepped in when bidden to do so the kitchen at green gables was a cheerful apartment,100.0,93.22,1
E:\UMD\Data_641_PCS1\NLP_project\PronounceAI\librispeech\LibriSpeech\train-clean-100\103\1240\103-1240-0023.flac_aug,one could have eaten a meal off the ground without overbrimming the proverbial peck of dirt missus rachel rapped smartly at the kitchen door and stepped in when bidden to do so the kitchen at green gables was a cheerful apartment,30.77,2.9,0
E:\UMD\Data_641_PCS1\NLP_project\PronounceAI\librispeech\LibriSpeech\train-clean-100\103\1240\103-1240-0024.flac,or would have been cheerful if it had not been so painfully clean as to give it something of the appearance of an unused parlor its windows looked east and west through the west one looking out on the back yard came a flood of mellow june sunlight but the east one,100.0,97.61,1
E:\UMD\Data_641_PCS1\NLP_project\PronounceAI\librispeech\LibriSpeech\train-clean-100\103\1240\103-1240-0024.flac_aug,or would have been cheerful if it had not been so painfully clean as to give it something of the appearance of an unused parlor its windows looked east and west through the west one looking out on the back yard came a flood of mellow june sunlight but the east one,20.78,0.75,0
E:\UMD\Data_641_PCS1\NLP_project\PronounceAI\librispeech\LibriSpeech\train-clean-100\103\1240\103-1240-0025.flac,whence you got a glimpse of the bloom white cherry trees in the left orchard and nodding slender birches down in the hollow by the brook was greened over by a tangle of vines here sat marilla cuthbert when she sat at all always slightly distrustful of sunshine,97.44,97.29,1
E:\UMD\Data_641_PCS1\NLP_project\PronounceAI\librispeech\LibriSpeech\train-clean-100\103\1240\103-1240-0025.flac_aug,whence you got a glimpse of the bloom white cherry trees in the left orchard and nodding slender birches down in the hollow by the brook was greened over by a tangle of vines here sat marilla cuthbert when she sat at all always slightly distrustful of sunshine,70.13,1.0,0
E:\UMD\Data_641_PCS1\NLP_project\PronounceAI\librispeech\LibriSpeech\train-clean-100\103\1240\103-1240-0026.flac,and here she sat now knitting and the table behind her was laid for supper missus rachel before she had fairly closed the door,100.0,92.66,1
E:\UMD\Data_641_PCS1\NLP_project\PronounceAI\librispeech\LibriSpeech\train-clean-100\103\1240\103-1240-0026.flac_aug,and here she sat now knitting and the table behind her was laid for supper missus rachel before she had fairly closed the door,13.95,1.5,0
E:\UMD\Data_641_PCS1\NLP_project\PronounceAI\librispeech\LibriSpeech\train-clean-100\103\1240\103-1240-0027.flac,there were three plates laid so that marilla must be expecting some one home with matthew to tea but the dishes were everyday dishes and there was only crab apple preserves and one kind of cake so that the expected company could not be any particular company,100.0,93.72,1
E:\UMD\Data_641_PCS1\NLP_project\PronounceAI\librispeech\LibriSpeech\train-clean-100\103\1240\103-1240-0027.flac_aug,there were three plates laid so that marilla must be expecting some one home with matthew to tea but the dishes were everyday dishes and there was only crab apple preserves and one kind of cake so that the expected company could not be any particular company,41.56,9.19,0
E:\UMD\Data_641_PCS1\NLP_project\PronounceAI\librispeech\LibriSpeech\train-clean-100\103\1240\103-1240-0028.flac,yet what of matthew's white collar and the sorrel mare missus rachel was getting fairly dizzy with this unusual mystery about quiet unmysterious green gables good evening rachel marilla said briskly this is a real fine evening isn't it won't you sit down,100.0,95.91,1
E:\UMD\Data_641_PCS1\NLP_project\PronounceAI\librispeech\LibriSpeech\train-clean-100\103\1240\103-1240-0028.flac_aug,yet what of matthew's white collar and the sorrel mare missus rachel was getting fairly dizzy with this unusual mystery about quiet unmysterious green gables good evening rachel marilla said briskly this is a real fine evening isn't it won't you sit down,37.21,0.0,0
E:\UMD\Data_641_PCS1\NLP_project\PronounceAI\librispeech\LibriSpeech\train-clean-100\103\1240\103-1240-0029.flac,how are all your folks something that for lack of any other name might be called friendship existed and always had existed between marilla cuthbert and missus rachel in spite of or perhaps because of their dissimilarity marilla was a tall,100.0,95.69,1
E:\UMD\Data_641_PCS1\NLP_project\PronounceAI\librispeech\LibriSpeech\train-clean-100\103\1240\103-1240-0029.flac_aug,how are all your folks something that for lack of any other name might be called friendship existed and always had existed between marilla cuthbert and missus rachel in spite of or perhaps because of their dissimilarity marilla was a tall,30.3,1.25,0
E:\UMD\Data_641_PCS1\NLP_project\PronounceAI\librispeech\LibriSpeech\train-clean-100\103\1240\103-1240-0030.flac,thin woman with angles and without curves her dark hair showed some gray streaks and was always twisted up in a hard little knot behind with two wire hairpins stuck aggressively through it she looked like a woman of narrow experience and rigid conscience which she was,100.0,97.44,1
E:\UMD\Data_641_PCS1\NLP_project\PronounceAI\librispeech\LibriSpeech\train-clean-100\103\1240\103-1240-0030.flac_aug,thin woman with angles and without curves her dark hair showed some gray streaks and was always twisted up in a hard little knot behind with two wire hairpins stuck aggressively through it she looked like a woman of narrow experience and rigid conscience which she was,23.68,1.5,0
E:\UMD\Data_641_PCS1\NLP_project\PronounceAI\librispeech\LibriSpeech\train-clean-100\103\1240\103-1240-0031.flac,but there was a saving something about her mouth which if it had been ever so slightly developed might have been considered indicative of a sense of humor we're all pretty well said missus rachel i was kind of afraid you weren't though when i saw matthew starting off today i thought maybe he was going to the doctor's,100.0,95.97,1
E:\UMD\Data_641_PCS1\NLP_project\PronounceAI\librispeech\LibriSpeech\train-clean-100\103\1240\103-1240-0031.flac_aug,but there was a saving something about her mouth which if it had been ever so slightly developed might have been considered indicative of a sense of humor we're all pretty well said missus rachel i was kind of afraid you weren't though when i saw matthew starting off today i thought maybe he was going to the doctor's,67.96,1.78,0
E:\UMD\Data_641_PCS1\NLP_project\PronounceAI\librispeech\LibriSpeech\train-clean-100\103\1240\103-1240-0032.flac,marilla's lips twitched understandingly she had expected missus rachel up she had known that the sight of matthew jaunting off so unaccountably would be too much for her neighbor's curiosity oh no i'm quite well although i had a bad headache yesterday she said,100.0,96.37,1
E:\UMD\Data_641_PCS1\NLP_project\PronounceAI\librispeech\LibriSpeech\train-clean-100\103\1240\103-1240-0032.flac_aug,marilla's lips twitched understandingly she had expected missus rachel up she had known that the sight of matthew jaunting off so unaccountably would be too much for her neighbor's curiosity oh no i'm quite well although i had a bad headache yesterday she said,48.65,0.0,0
E:\UMD\Data_641_PCS1\NLP_project\PronounceAI\librispeech\LibriSpeech\train-clean-100\103\1240\103-1240-0033.flac,matthew went to bright river we're getting a little boy from an orphan asylum in nova scotia and he's coming on the train tonight if marilla had said that matthew had gone to bright river to meet a kangaroo from australia missus rachel could not have been more astonished,100.0,93.39,1
E:\UMD\Data_641_PCS1\NLP_project\PronounceAI\librispeech\LibriSpeech\train-clean-100\103\1240\103-1240-0033.flac_aug,matthew went to bright river we're getting a little boy from an orphan asylum in nova scotia and he's coming on the train tonight if marilla had said that matthew had gone to bright river to meet a kangaroo from australia missus rachel could not have been more astonished,65.82,0.53,0
E:\UMD\Data_641_PCS1\NLP_project\PronounceAI\librispeech\LibriSpeech\train-clean-100\103\1240\103-1240-0034.flac,she was actually stricken dumb for five seconds it was unsupposable that marilla was making fun of her but missus rachel was almost forced to suppose it are you in earnest marilla she demanded when voice returned to her yes of course,100.0,57.21,1
E:\UMD\Data_641_PCS1\NLP_project\PronounceAI\librispeech\LibriSpeech\train-clean-100\103\1240\103-1240-0034.flac_aug,she was actually stricken dumb for five seconds it was unsupposable that marilla was making fun of her but missus rachel was almost forced to suppose it are you in earnest marilla she demanded when voice returned to her yes of course,66.67,3.25,0
E:\UMD\Data_641_PCS1\NLP_project\PronounceAI\librispeech\LibriSpeech\train-clean-100\103\1240\103-1240-0035.flac,said marilla as if getting boys from orphan asylums in nova scotia were part of the usual spring work on any well regulated avonlea farm instead of being an unheard of innovation missus rachel felt that she had received a severe mental jolt she thought in exclamation points,100.0,98.77,1
E:\UMD\Data_641_PCS1\NLP_project\PronounceAI\librispeech\LibriSpeech\train-clean-100\103\1240\103-1240-0035.flac_aug,said marilla as if getting boys from orphan asylums in nova scotia were part of the usual spring work on any well regulated avonlea farm instead of being an unheard of innovation missus rachel felt that she had received a severe mental jolt she thought in exclamation points,86.67,59.96,0
E:\UMD\Data_641_PCS1\NLP_project\PronounceAI\librispeech\LibriSpeech\train-clean-100\103\1240\103-1240-0036.flac,marilla and matthew cuthbert of all people adopting a boy from an orphan asylum well the world was certainly turning upside down she would be surprised at nothing after this nothing,100.0,16.81,1
E:\UMD\Data_641_PCS1\NLP_project\PronounceAI\librispeech\LibriSpeech\train-clean-100\103\1240\103-1240-0036.flac_aug,marilla and matthew cuthbert of all people adopting a boy from an orphan asylum well the world was certainly turning upside down she would be surprised at nothing after this nothing,28.07,0.0,0
E:\UMD\Data_641_PCS1\NLP_project\PronounceAI\librispeech\LibriSpeech\train-clean-100\103\1240\103-1240-0037.flac,what on earth put such a notion into your head she demanded disapprovingly this had been done without her advice being asked and must perforce be disapproved well we've been thinking about it for some time all winter in fact returned marilla,100.0,90.9,1
E:\UMD\Data_641_PCS1\NLP_project\PronounceAI\librispeech\LibriSpeech\train-clean-100\103\1240\103-1240-0037.flac_aug,what on earth put such a notion into your head she demanded disapprovingly this had been done without her advice being asked and must perforce be disapproved well we've been thinking about it for some time all winter in fact returned marilla,50.67,2.2,0
E:\UMD\Data_641_PCS1\NLP_project\PronounceAI\librispeech\LibriSpeech\train-clean-100\103\1240\103-1240-0038.flac,missus alexander spencer was up here one day before christmas and she said she was going to get a little girl from the asylum over in hopeton in the spring,100.0,95.5,1
E:\UMD\Data_641_PCS1\NLP_project\PronounceAI\librispeech\LibriSpeech\train-clean-100\103\1240\103-1240-0038.flac_aug,missus alexander spencer was up here one day before christmas and she said she was going to get a little girl from the asylum over in hopeton in the spring,67.92,0.0,0
E:\UMD\Data_641_PCS1\NLP_project\PronounceAI\librispeech\LibriSpeech\train-clean-100\103\1240\103-1240-0039.flac,so matthew and i have talked it over off and on ever since we thought we'd get a boy matthew is getting up in years you know he's sixty and he isn't so spry as he once was his heart troubles him a good deal and you know how desperate hard it's got to be to get hired help,100.0,97.52,1
E:\UMD\Data_641_PCS1\NLP_project\PronounceAI\librispeech\LibriSpeech\train-clean-100\103\1240\103-1240-0039.flac_aug,so matthew and i have talked it over off and on ever since we thought we'd get a boy matthew is getting up in years you know he's sixty and he isn't so spry as he once was his heart troubles him a good deal and you know how desperate hard it's got to be to get hired help,68.82,1.29,0
E:\UMD\Data_641_PCS1\NLP_project\PronounceAI\librispeech\LibriSpeech\train-clean-100\103\1240\103-1240-0040.flac,there's never anybody to be had but those stupid half grown little french boys and as soon as you do get one broke into your ways and taught something he's up and off to the lobster canneries or the states at first matthew suggested getting a home boy but i said no flat to that,100.0,98.44,1
E:\UMD\Data_641_PCS1\NLP_project\PronounceAI\librispeech\LibriSpeech\train-clean-100\103\1240\103-1240-0040.flac_aug,there's never anybody to be had but those stupid half grown little french boys and as soon as you do get one broke into your ways and taught something he's up and off to the lobster canneries or the states at first matthew suggested getting a home boy but i said no flat to that,60.42,0.03,0
E:\UMD\Data_641_PCS1\NLP_project\PronounceAI\librispeech\LibriSpeech\train-clean-100\103\1240\103-1240-0041.flac,they may be all right i'm not saying they're not but no london street arabs for me i said give me a native born at least there'll be a risk no matter who we get but i'll feel easier in my mind and sleep sounder at nights if we get a born canadian,100.0,94.55,1
E:\UMD\Data_641_PCS1\NLP_project\PronounceAI\librispeech\LibriSpeech\train-clean-100\103\1240\103-1240-0041.flac_aug,they may be all right i'm not saying they're not but no london street arabs for me i said give me a native born at least there'll be a risk no matter who we get but i'll feel easier in my mind and sleep sounder at nights if we get a born canadian,68.24,6.5,0
E:\UMD\Data_641_PCS1\NLP_project\PronounceAI\librispeech\LibriSpeech\train-clean-100\103\1240\103-1240-0042.flac,so in the end we decided to ask missus spencer to pick us out one when she went over to get her little girl we heard last week she was going so we sent her word by richard spencer's folks at carmody to bring us a smart likely boy of about ten or eleven we decided that would be the best age,100.0,96.52,1
E:\UMD\Data_641_PCS1\NLP_project\PronounceAI\librispeech\LibriSpeech\train-clean-100\103\1240\103-1240-0042.flac_aug,so in the end we decided to ask missus spencer to pick us out one when she went over to get her little girl we heard last week she was going so we sent her word by richard spencer's folks at carmody to bring us a smart likely boy of about ten or eleven we decided that would be the best age,70.97,3.5,0
E:\UMD\Data_641_PCS1\NLP_project\PronounceAI\librispeech\LibriSpeech\train-clean-100\103\1240\103-1240-0043.flac,old enough to be of some use in doing chores right off and young enough to be trained up proper we mean to give him a good home and schooling we had a telegram from missus alexander spencer today the mail man brought it from the station saying they were coming on the five thirty train tonight,100.0,86.41,1
E:\UMD\Data_641_PCS1\NLP_project\PronounceAI\librispeech\LibriSpeech\train-clean-100\103\1240\103-1240-0043.flac_aug,old enough to be of some use in doing chores right off and young enough to be trained up proper we mean to give him a good home and schooling we had a telegram from missus alexander spencer today the mail man brought it from the station saying they were coming on the five thirty train tonight,37.04,0.0,0
E:\UMD\Data_641_PCS1\NLP_project\PronounceAI\librispeech\LibriSpeech\train-clean-100\103\1240\103-1240-0044.flac,so matthew went to bright river to meet him missus spencer will drop him off there of course she goes on to white sands station herself missus rachel prided herself on always speaking her mind she proceeded to speak it now having adjusted her mental attitude to this amazing piece of news,100.0,98.29,1
E:\UMD\Data_641_PCS1\NLP_project\PronounceAI\librispeech\LibriSpeech\train-clean-100\103\1240\103-1240-0044.flac_aug,so matthew went to bright river to meet him missus spencer will drop him off there of course she goes on to white sands station herself missus rachel prided herself on always speaking her mind she proceeded to speak it now having adjusted her mental attitude to this amazing piece of news,17.14,0.25,0
E:\UMD\Data_641_PCS1\NLP_project\PronounceAI\librispeech\LibriSpeech\train-clean-100\103\1240\103-1240-0045.flac,well marilla i'll just tell you plain that i think you're doing a mighty foolish thing a risky thing that's what you don't know what you're getting you're bringing a strange child into your house and home and you don't know a single thing about him nor what his disposition is like nor what sort of parents he had,100.0,93.58,1
E:\UMD\Data_641_PCS1\NLP_project\PronounceAI\librispeech\LibriSpeech\train-clean-100\103\1240\103-1240-0045.flac_aug,well marilla i'll just tell you plain that i think you're doing a mighty foolish thing a risky thing that's what you don't know what you're getting you're bringing a strange child into your house and home and you don't know a single thing about him nor what his disposition is like nor what sort of parents he had,85.71,91.91,0
E:\UMD\Data_641_PCS1\NLP_project\PronounceAI\librispeech\LibriSpeech\train-clean-100\103\1240\103-1240-0046.flac,nor how he's likely to turn out why it was only last week i read in the paper how a man and his wife up west of the island took a boy out of an orphan asylum and he set fire to the house at night set it on purpose marilla and nearly burnt them to a crisp in their beds,100.0,88.74,1
E:\UMD\Data_641_PCS1\NLP_project\PronounceAI\librispeech\LibriSpeech\train-clean-100\103\1240\103-1240-0046.flac_aug,nor how he's likely to turn out why it was only last week i read in the paper how a man and his wife up west of the island took a boy out of an orphan asylum and he set fire to the house at night set it on purpose marilla and nearly burnt them to a crisp in their beds,25.32,15.94,0
E:\UMD\Data_641_PCS1\NLP_project\PronounceAI\librispeech\LibriSpeech\train-clean-100\103\1240\103-1240-0047.flac,and i know another case where an adopted boy used to suck the eggs they couldn't break him of it if you had asked my advice in the matter which you didn't do marilla i'd have said for mercy's sake not to think of such a thing that's what,100.0,91.78,1
E:\UMD\Data_641_PCS1\NLP_project\PronounceAI\librispeech\LibriSpeech\train-clean-100\103\1240\103-1240-0047.flac_aug,and i know another case where an adopted boy used to suck the eggs they couldn't break him of it if you had asked my advice in the matter which you didn't do marilla i'd have said for mercy's sake not to think of such a thing that's what,92.31,75.49,0
E:\UMD\Data_641_PCS1\NLP_project\PronounceAI\librispeech\LibriSpeech\train-clean-100\103\1240\103-1240-0048.flac,this job's comforting seemed neither to offend nor to alarm marilla she knitted steadily on i don't deny there's something in what you say rachel i've had some qualms myself but matthew was terrible set on it i could see that so i gave in,100.0,97.13,1
E:\UMD\Data_641_PCS1\NLP_project\PronounceAI\librispeech\LibriSpeech\train-clean-100\103\1240\103-1240-0048.flac_aug,this job's comforting seemed neither to offend nor to alarm marilla she knitted steadily on i don't deny there's something in what you say rachel i've had some qualms myself but matthew was terrible set on it i could see that so i gave in,55.0,0.0,0
E:\UMD\Data_641_PCS1\NLP_project\PronounceAI\librispeech\LibriSpeech\train-clean-100\103\1240\103-1240-0049.flac,it's so seldom matthew sets his mind on anything that when he does i always feel it's my duty to give in and as for the risk there's risks in pretty near everything a body does in this world there's risks in people's having children of their own if it comes to that they don't always turn out well,100.0,98.42,1
E:\UMD\Data_641_PCS1\NLP_project\PronounceAI\librispeech\LibriSpeech\train-clean-100\103\1240\103-1240-0049.flac_aug,it's so seldom matthew sets his mind on anything that when he does i always feel it's my duty to give in and as for the risk there's risks in pretty near everything a body does in this world there's risks in people's having children of their own if it comes to that they don't always turn out well,37.21,11.14,0
E:\UMD\Data_641_PCS1\NLP_project\PronounceAI\librispeech\LibriSpeech\train-clean-100\103\1240\103-1240-0050.flac,and then nova scotia is right close to the island it isn't as if we were getting him from england or the states he can't be much different from ourselves well i hope it will turn out all right said missus rachel in a tone that plainly indicated her painful doubts,100.0,94.28,1
E:\UMD\Data_641_PCS1\NLP_project\PronounceAI\librispeech\LibriSpeech\train-clean-100\103\1240\103-1240-0050.flac_aug,and then nova scotia is right close to the island it isn't as if we were getting him from england or the states he can't be much different from ourselves well i hope it will turn out all right said missus rachel in a tone that plainly indicated her painful doubts,34.57,13.05,0
E:\UMD\Data_641_PCS1\NLP_project\PronounceAI\librispeech\LibriSpeech\train-clean-100\103\1240\103-1240-0051.flac,only don't say i didn't warn you if he burns green gables down or puts strychnine in the well i heard of a case over in new brunswick where an orphan asylum child did that and the whole family died in fearful agonies only it was a girl in that instance well we're not getting a girl said marilla,97.92,94.51,1
E:\UMD\Data_641_PCS1\NLP_project\PronounceAI\librispeech\LibriSpeech\train-clean-100\103\1240\103-1240-0051.flac_aug,only don't say i didn't warn you if he burns green gables down or puts strychnine in the well i heard of a case over in new brunswick where an orphan asylum child did that and the whole family died in fearful agonies only it was a girl in that instance well we're not getting a girl said marilla,50.55,0.0,0
E:\UMD\Data_641_PCS1\NLP_project\PronounceAI\librispeech\LibriSpeech\train-clean-100\103\1240\103-1240-0052.flac,as if poisoning wells were a purely feminine accomplishment and not to be dreaded in the case of a boy i'd never dream of taking a girl to bring up i wonder at missus alexander spencer for doing it but there she wouldn't shrink from adopting a whole orphan asylum if she took it into her head,100.0,95.49,1
E:\UMD\Data_641_PCS1\NLP_project\PronounceAI\librispeech\LibriSpeech\train-clean-100\103\1240\103-1240-0052.flac_aug,as if poisoning wells were a purely feminine accomplishment and not to be dreaded in the case of a boy i'd never dream of taking a girl to bring up i wonder at missus alexander spencer for doing it but there she wouldn't shrink from adopting a whole orphan asylum if she took it into her head,52.08,0.0,0
E:\UMD\Data_641_PCS1\NLP_project\PronounceAI\librispeech\LibriSpeech\train-clean-100\103\1240\103-1240-0053.flac,missus rachel would have liked to stay until matthew came home with his imported orphan but reflecting that it would be a good two hours at least before his arrival she concluded to go up the road to robert bell's and tell the news it would certainly make a sensation second to none,97.73,97.41,1
E:\UMD\Data_641_PCS1\NLP_project\PronounceAI\librispeech\LibriSpeech\train-clean-100\103\1240\103-1240-0053.flac_aug,missus rachel would have liked to stay until matthew came home with his imported orphan but reflecting that it would be a good two hours at least before his arrival she concluded to go up the road to robert bell's and tell the news it would certainly make a sensation second to none,95.45,81.42,0
E:\UMD\Data_641_PCS1\NLP_project\PronounceAI\librispeech\LibriSpeech\train-clean-100\103\1240\103-1240-0054.flac,and missus rachel dearly loved to make a sensation so she took herself away somewhat to marilla's relief for the latter felt her doubts and fears reviving under the influence of missus rachel's pessimism well of all things that ever were or will be ejaculated missus rachel when she was safely out in the lane,100.0,97.47,1
E:\UMD\Data_641_PCS1\NLP_project\PronounceAI\librispeech\LibriSpeech\train-clean-100\103\1240\103-1240-0054.flac_aug,and missus rachel dearly loved to make a sensation so she took herself away somewhat to marilla's relief for the latter felt her doubts and fears reviving under the influence of missus rachel's pessimism well of all things that ever were or will be ejaculated missus rachel when she was safely out in the lane,47.62,0.0,0
E:\UMD\Data_641_PCS1\NLP_project\PronounceAI\librispeech\LibriSpeech\train-clean-100\103\1240\103-1240-0055.flac,it does really seem as if i must be dreaming well i'm sorry for that poor young one and no mistake matthew and marilla don't know anything about children and they'll expect him to be wiser and steadier that his own grandfather,98.67,94.08,1
E:\UMD\Data_641_PCS1\NLP_project\PronounceAI\librispeech\LibriSpeech\train-clean-100\103\1240\103-1240-0055.flac_aug,it does really seem as if i must be dreaming well i'm sorry for that poor young one and no mistake matthew and marilla don't know anything about children and they'll expect him to be wiser and steadier that his own grandfather,24.24,10.95,0
E:\UMD\Data_641_PCS1\NLP_project\PronounceAI\librispeech\LibriSpeech\train-clean-100\103\1240\103-1240-0056.flac,it seems uncanny to think of a child at green gables somehow there's never been one there for matthew and marilla were grown up when the new house was built if they ever were children which is hard to believe when one looks at them i wouldn't be in that orphan's shoes for anything,100.0,98.0,1
E:\UMD\Data_641_PCS1\NLP_project\PronounceAI\librispeech\LibriSpeech\train-clean-100\103\1240\103-1240-0056.flac_aug,it seems uncanny to think of a child at green gables somehow there's never been one there for matthew and marilla were grown up when the new house was built if they ever were children which is hard to believe when one looks at them i wouldn't be in that orphan's shoes for anything,68.04,5.06,0
E:\UMD\Data_641_PCS1\NLP_project\PronounceAI\librispeech\LibriSpeech\train-clean-100\103\1240\103-1240-0057.flac,my but i pity him that's what so said missus rachel to the wild rose bushes out of the fulness of her heart,95.24,90.93,1
E:\UMD\Data_641_PCS1\NLP_project\PronounceAI\librispeech\LibriSpeech\train-clean-100\103\1240\103-1240-0057.flac_aug,my but i pity him that's what so said missus rachel to the wild rose bushes out of the fulness of her heart,34.15,7.97,0
E:\UMD\Data_641_PCS1\NLP_project\PronounceAI\librispeech\LibriSpeech\train-clean-100\103\1241\103-1241-0000.flac,chapter two matthew cuthbert is surprised matthew cuthbert and the sorrel mare jogged comfortably over the eight miles to bright river it was a pretty road running along between snug farmsteads with now and again a bit of balsamy fir wood to drive through,100.0,98.43,1
E:\UMD\Data_641_PCS1\NLP_project\PronounceAI\librispeech\LibriSpeech\train-clean-100\103\1241\103-1241-0000.flac_aug,chapter two matthew cuthbert is surprised matthew cuthbert and the sorrel mare jogged comfortably over the eight miles to bright river it was a pretty road running along between snug farmsteads with now and again a bit of balsamy fir wood to drive through,83.12,43.13,0
E:\UMD\Data_641_PCS1\NLP_project\PronounceAI\librispeech\LibriSpeech\train-clean-100\103\1241\103-1241-0001.flac,or a hollow where wild plums hung out their filmy bloom the air was sweet with the breath of many apple orchards and the meadows sloped away in the distance to horizon mists of pearl and purple while the little birds sang as if it were the one day of summer in all the year,100.0,96.19,1
E:\UMD\Data_641_PCS1\NLP_project\PronounceAI\librispeech\LibriSpeech\train-clean-100\103\1241\103-1241-0001.flac_aug,or a hollow where wild plums hung out their filmy bloom the air was sweet with the breath of many apple orchards and the meadows sloped away in the distance to horizon mists of pearl and purple while the little birds sang as if it were the one day of summer in all the year,33.33,1.25,0
E:\UMD\Data_641_PCS1\NLP_project\PronounceAI\librispeech\LibriSpeech\train-clean-100\103\1241\103-1241-0002.flac,matthew enjoyed the drive after his own fashion except during the moments when he met women and had to nod to them for in prince edward island you are supposed to nod to all and sundry you meet on the road whether you know them or not matthew dreaded all women except marilla and missus rachel,100.0,98.77,1
E:\UMD\Data_641_PCS1\NLP_project\PronounceAI\librispeech\LibriSpeech\train-clean-100\103\1241\103-1241-0002.flac_aug,matthew enjoyed the drive after his own fashion except during the moments when he met women and had to nod to them for in prince edward island you are supposed to nod to all and sundry you meet on the road whether you know them or not matthew dreaded all women except marilla and missus rachel,32.91,0.0,0
E:\UMD\Data_641_PCS1\NLP_project\PronounceAI\librispeech\LibriSpeech\train-clean-100\103\1241\103-1241-0003.flac,he had an uncomfortable feeling that the mysterious creatures were secretly laughing at him he may have been quite right in thinking so for he was an odd looking personage with an ungainly figure and long iron gray hair that touched his stooping shoulders,100.0,81.36,1
E:\UMD\Data_641_PCS1\NLP_project\PronounceAI\librispeech\LibriSpeech\train-clean-100\103\1241\103-1241-0003.flac_aug,he had an uncomfortable feeling that the mysterious creatures were secretly laughing at him he may have been quite right in thinking so for he was an odd looking personage with an ungainly figure and long iron gray hair that touched his stooping shoulders,86.08,11.94,0
E:\UMD\Data_641_PCS1\NLP_project\PronounceAI\librispeech\LibriSpeech\train-clean-100\103\1241\103-1241-0004.flac,and a full soft brown beard which he had worn ever since he was twenty in fact he had looked at twenty very much as he looked at sixty lacking a little of the grayness when he reached bright river there was no sign of any train,100.0,93.33,1
E:\UMD\Data_641_PCS1\NLP_project\PronounceAI\librispeech\LibriSpeech\train-clean-100\103\1241\103-1241-0004.flac_aug,and a full soft brown beard which he had worn ever since he was twenty in fact he had looked at twenty very much as he looked at sixty lacking a little of the grayness when he reached bright river there was no sign of any train,10.91,1.25,0
E:\UMD\Data_641_PCS1\NLP_project\PronounceAI\librispeech\LibriSpeech\train-clean-100\103\1241\103-1241-0005.flac,he thought he was too early so he tied his horse in the yard of the small bright river hotel and went over to the station house the long platform was almost deserted the only living creature in sight being a girl who was sitting on a pile of shingles at the extreme end,100.0,95.1,1
E:\UMD\Data_641_PCS1\NLP_project\PronounceAI\librispeech\LibriSpeech\train-clean-100\103\1241\103-1241-0005.flac_aug,he thought he was too early so he tied his horse in the yard of the small bright river hotel and went over to the station house the long platform was almost deserted the only living creature in sight being a girl who was sitting on a pile of shingles at the extreme end,33.73,0.0,0
E:\UMD\Data_641_PCS1\NLP_project\PronounceAI\librispeech\LibriSpeech\train-clean-100\103\1241\103-1241-0006.flac,matthew barely noting that it was a girl sidled past her as quickly as possible without looking at her had he looked he could hardly have failed to notice the tense rigidity and expectation of her attitude and expression she was sitting there waiting for something or somebody,97.62,90.9,1
E:\UMD\Data_641_PCS1\NLP_project\PronounceAI\librispeech\LibriSpeech\train-clean-100\103\1241\103-1241-0006.flac_aug,matthew barely noting that it was a girl sidled past her as quickly as possible without looking at her had he looked he could hardly have failed to notice the tense rigidity and expectation of her attitude and expression she was sitting there waiting for something or somebody,14.04,0.25,0
E:\UMD\Data_641_PCS1\NLP_project\PronounceAI\librispeech\LibriSpeech\train-clean-100\103\1241\103-1241-0007.flac,and since sitting and waiting was the only thing to do just then she sat and waited with all her might and main matthew encountered the stationmaster locking up the ticket office preparatory to going home for supper and asked him if the five thirty train would soon be along,100.0,94.02,1
E:\UMD\Data_641_PCS1\NLP_project\PronounceAI\librispeech\LibriSpeech\train-clean-100\103\1241\103-1241-0007.flac_aug,and since sitting and waiting was the only thing to do just then she sat and waited with all her might and main matthew encountered the stationmaster locking up the ticket office preparatory to going home for supper and asked him if the five thirty train would soon be along,45.45,2.5,0
E:\UMD\Data_641_PCS1\NLP_project\PronounceAI\librispeech\LibriSpeech\train-clean-100\103\1241\103-1241-0008.flac,the five thirty train has been in and gone half an hour ago answered that brisk official but there was a passenger dropped off for you a little girl she's sitting out there on the shingles i asked her to go into the ladies waiting room but she informed me gravely that she preferred to stay outside,100.0,95.61,1
E:\UMD\Data_641_PCS1\NLP_project\PronounceAI\librispeech\LibriSpeech\train-clean-100\103\1241\103-1241-0008.flac_aug,the five thirty train has been in and gone half an hour ago answered that brisk official but there was a passenger dropped off for you a little girl she's sitting out there on the shingles i asked her to go into the ladies waiting room but she informed me gravely that she preferred to stay outside,89.58,25.3,0
E:\UMD\Data_641_PCS1\NLP_project\PronounceAI\librispeech\LibriSpeech\train-clean-100\103\1241\103-1241-0009.flac,she's a case i should say i'm not expecting a girl said matthew blankly it's a boy i've come for he should be here missus alexander spencer was to bring him over from nova scotia for me the stationmaster whistled,100.0,92.28,1
E:\UMD\Data_641_PCS1\NLP_project\PronounceAI\librispeech\LibriSpeech\train-clean-100\103\1241\103-1241-0009.flac_aug,she's a case i should say i'm not expecting a girl said matthew blankly it's a boy i've come for he should be here missus alexander spencer was to bring him over from nova scotia for me the stationmaster whistled,52.78,1.49,0
E:\UMD\Data_641_PCS1\NLP_project\PronounceAI\librispeech\LibriSpeech\train-clean-100\103\1241\103-1241-0010.flac,guess there's some mistake he said missus spencer came off the train with that girl and gave her into my charge said you and your sister were adopting her from an orphan asylum and that you would be along for her presently that's all i know about it and i haven't got any more orphans concealed hereabouts,100.0,96.71,1
E:\UMD\Data_641_PCS1\NLP_project\PronounceAI\librispeech\LibriSpeech\train-clean-100\103\1241\103-1241-0010.flac_aug,guess there's some mistake he said missus spencer came off the train with that girl and gave her into my charge said you and your sister were adopting her from an orphan asylum and that you would be along for her presently that's all i know about it and i haven't got any more orphans concealed hereabouts,41.3,12.77,0
E:\UMD\Data_641_PCS1\NLP_project\PronounceAI\librispeech\LibriSpeech\train-clean-100\103\1241\103-1241-0011.flac,i don't understand said matthew helplessly wishing that marilla was at hand to cope with the situation well you'd better question the girl said the station master carelessly i dare say she'll be able to explain she's got a tongue of her own that's certain,100.0,97.63,1
E:\UMD\Data_641_PCS1\NLP_project\PronounceAI\librispeech\LibriSpeech\train-clean-100\103\1241\103-1241-0011.flac_aug,i don't understand said matthew helplessly wishing that marilla was at hand to cope with the situation well you'd better question the girl said the station master carelessly i dare say she'll be able to explain she's got a tongue of her own that's certain,52.63,12.79,0
E:\UMD\Data_641_PCS1\NLP_project\PronounceAI\librispeech\LibriSpeech\train-clean-100\103\1241\103-1241-0012.flac,maybe they were out of boys of the brand you wanted he walked jauntily away being hungry and the unfortunate matthew was left to do that which was harder for him than bearding a lion in its den walk up to a girl a strange girl an orphan girl,100.0,98.33,1
E:\UMD\Data_641_PCS1\NLP_project\PronounceAI\librispeech\LibriSpeech\train-clean-100\103\1241\103-1241-0012.flac_aug,maybe they were out of boys of the brand you wanted he walked jauntily away being hungry and the unfortunate matthew was left to do that which was harder for him than bearding a lion in its den walk up to a girl a strange girl an orphan girl,55.26,7.49,0
E:\UMD\Data_641_PCS1\NLP_project\PronounceAI\librispeech\LibriSpeech\train-clean-100\103\1241\103-1241-0013.flac,and demand of her why she wasn't a boy matthew groaned in spirit as he turned about and shuffled gently down the platform towards her she had been watching him ever since he had passed her and she had her eyes on him now matthew was not looking at her,100.0,98.1,1
E:\UMD\Data_641_PCS1\NLP_project\PronounceAI\librispeech\LibriSpeech\train-clean-100\103\1241\103-1241-0013.flac_aug,and demand of her why she wasn't a boy matthew groaned in spirit as he turned about and shuffled gently down the platform towards her she had been watching him ever since he had passed her and she had her eyes on him now matthew was not looking at her,54.79,13.96,0
E:\UMD\Data_641_PCS1\NLP_project\PronounceAI\librispeech\LibriSpeech\train-clean-100\103\1241\103-1241-0014.flac,a child of about eleven garbed in a very short very tight very ugly dress of yellowish gray wincey she wore a faded brown sailor hat and beneath the hat extending down her back were two braids of very thick decidedly red hair,100.0,99.09,1
E:\UMD\Data_641_PCS1\NLP_project\PronounceAI\librispeech\LibriSpeech\train-clean-100\103\1241\103-1241-0014.flac_aug,a child of about eleven garbed in a very short very tight very ugly dress of yellowish gray wincey she wore a faded brown sailor hat and beneath the hat extending down her back were two braids of very thick decidedly red hair,97.14,9.07,0
E:\UMD\Data_641_PCS1\NLP_project\PronounceAI\librispeech\LibriSpeech\train-clean-100\103\1241\103-1241-0015.flac,her face was small white and thin also much freckled her mouth was large and so were her eyes which looked green in some lights and moods and gray in others so far the ordinary observer an extraordinary observer,100.0,98.08,1
E:\UMD\Data_641_PCS1\NLP_project\PronounceAI\librispeech\LibriSpeech\train-clean-100\103\1241\103-1241-0015.flac_aug,her face was small white and thin also much freckled her mouth was large and so were her eyes which looked green in some lights and moods and gray in others so far the ordinary observer an extraordinary observer,47.27,0.0,0
E:\UMD\Data_641_PCS1\NLP_project\PronounceAI\librispeech\LibriSpeech\train-clean-100\103\1241\103-1241-0016.flac,might have seen that the chin was very pointed and pronounced that the big eyes were full of spirit and vivacity that the mouth was sweet lipped and expressive that the forehead was broad and full in short our discerning extraordinary observer might have concluded,100.0,95.88,1
E:\UMD\Data_641_PCS1\NLP_project\PronounceAI\librispeech\LibriSpeech\train-clean-100\103\1241\103-1241-0016.flac_aug,might have seen that the chin was very pointed and pronounced that the big eyes were full of spirit and vivacity that the mouth was sweet lipped and expressive that the forehead was broad and full in short our discerning extraordinary observer might have concluded,53.12,11.67,0
E:\UMD\Data_641_PCS1\NLP_project\PronounceAI\librispeech\LibriSpeech\train-clean-100\103\1241\103-1241-0017.flac,was so ludicrously afraid matthew however was spared the ordeal of speaking first for as soon as she concluded that he was coming to her she stood up grasping with one thin brown hand the handle of a shabby old fashioned carpet bag the other she held out to him,100.0,97.67,1
E:\UMD\Data_641_PCS1\NLP_project\PronounceAI\librispeech\LibriSpeech\train-clean-100\103\1241\103-1241-0017.flac_aug,was so ludicrously afraid matthew however was spared the ordeal of speaking first for as soon as she concluded that he was coming to her she stood up grasping with one thin brown hand the handle of a shabby old fashioned carpet bag the other she held out to him,20.9,0.25,0
E:\UMD\Data_641_PCS1\NLP_project\PronounceAI\librispeech\LibriSpeech\train-clean-100\103\1241\103-1241-0018.flac,i suppose you are mister matthew cuthbert of green gables she said in a peculiarly clear sweet voice i'm very glad to see you i was beginning to be afraid you weren't coming for me,100.0,95.04,1
E:\UMD\Data_641_PCS1\NLP_project\PronounceAI\librispeech\LibriSpeech\train-clean-100\103\1241\103-1241-0018.flac_aug,i suppose you are mister matthew cuthbert of green gables she said in a peculiarly clear sweet voice i'm very glad to see you i was beginning to be afraid you weren't coming for me,15.38,0.5,0
E:\UMD\Data_641_PCS1\NLP_project\PronounceAI\librispeech\LibriSpeech\train-clean-100\103\1241\103-1241-0019.flac,i had made up my mind that if you didn't come for me to night,100.0,85.59,1
E:\UMD\Data_641_PCS1\NLP_project\PronounceAI\librispeech\LibriSpeech\train-clean-100\103\1241\103-1241-0019.flac_aug,i had made up my mind that if you didn't come for me to night,56.25,1.25,0
E:\UMD\Data_641_PCS1\NLP_project\PronounceAI\librispeech\LibriSpeech\train-clean-100\103\1241\103-1241-0020.flac,i wouldn't be a bit afraid and it would be lovely to sleep in a wild cherry tree all white with bloom in the moonshine don't you think you could imagine you were dwelling in marble halls couldn't you,100.0,93.43,1
E:\UMD\Data_641_PCS1\NLP_project\PronounceAI\librispeech\LibriSpeech\train-clean-100\103\1241\103-1241-0020.flac_aug,i wouldn't be a bit afraid and it would be lovely to sleep in a wild cherry tree all white with bloom in the moonshine don't you think you could imagine you were dwelling in marble halls couldn't you,37.93,0.25,0
E:\UMD\Data_641_PCS1\NLP_project\PronounceAI\librispeech\LibriSpeech\train-clean-100\103\1241\103-1241-0021.flac,matthew had taken the scrawny little hand awkwardly in his then and there he decided what to do he could not tell this child with the glowing eyes that there had been a mistake he would take her home and let marilla do that she couldn't be left at bright river anyhow,100.0,98.5,1
E:\UMD\Data_641_PCS1\NLP_project\PronounceAI\librispeech\LibriSpeech\train-clean-100\103\1241\103-1241-0021.flac_aug,matthew had taken the scrawny little hand awkwardly in his then and there he decided what to do he could not tell this child with the glowing eyes that there had been a mistake he would take her home and let marilla do that she couldn't be left at bright river anyhow,50.6,3.0,0
E:\UMD\Data_641_PCS1\NLP_project\PronounceAI\librispeech\LibriSpeech\train-clean-100\103\1241\103-1241-0022.flac,no matter what mistake had been made so all questions and explanations might as well be deferred until he was safely back at green gables i'm sorry i was late he said shyly come along the horse is over in the yard give me your bag oh i can carry it the child responded cheerfully,100.0,94.65,1
E:\UMD\Data_641_PCS1\NLP_project\PronounceAI\librispeech\LibriSpeech\train-clean-100\103\1241\103-1241-0022.flac_aug,no matter what mistake had been made so all questions and explanations might as well be deferred until he was safely back at green gables i'm sorry i was late he said shyly come along the horse is over in the yard give me your bag oh i can carry it the child responded cheerfully,33.8,0.0,0
E:\UMD\Data_641_PCS1\NLP_project\PronounceAI\librispeech\LibriSpeech\train-clean-100\103\1241\103-1241-0023.flac,it isn't heavy i've got all my worldly goods in it but it isn't heavy and if it isn't carried in just a certain way the handle pulls out so i'd better keep it because i know the exact knack of it it's an extremely old carpet bag oh i'm very glad you've come even if it would have been nice to sleep in a wild cherry tree,100.0,95.98,1
E:\UMD\Data_641_PCS1\NLP_project\PronounceAI\librispeech\LibriSpeech\train-clean-100\103\1241\103-1241-0023.flac_aug,it isn't heavy i've got all my worldly goods in it but it isn't heavy and if it isn't carried in just a certain way the handle pulls out so i'd better keep it because i know the exact knack of it it's an extremely old carpet bag oh i'm very glad you've come even if it would have been nice to sleep in a wild cherry tree,91.59,17.93,0
E:\UMD\Data_641_PCS1\NLP_project\PronounceAI\librispeech\LibriSpeech\train-clean-100\103\1241\103-1241-0024.flac,we've got to drive a long piece haven't we missus spencer said it was eight miles i'm glad because i love driving oh it seems so wonderful that i'm going to live with you and belong to you i've never belonged to anybody not really but the asylum was the worst i've only been in it four months but that was enough,100.0,96.95,1
E:\UMD\Data_641_PCS1\NLP_project\PronounceAI\librispeech\LibriSpeech\train-clean-100\103\1241\103-1241-0024.flac_aug,we've got to drive a long piece haven't we missus spencer said it was eight miles i'm glad because i love driving oh it seems so wonderful that i'm going to live with you and belong to you i've never belonged to anybody not really but the asylum was the worst i've only been in it four months but that was enough,44.68,0.0,0
E:\UMD\Data_641_PCS1\NLP_project\PronounceAI\librispeech\LibriSpeech\train-clean-100\103\1241\103-1241-0025.flac,it's worse than anything you could imagine missus spencer said it was wicked of me to talk like that,100.0,68.6,1
E:\UMD\Data_641_PCS1\NLP_project\PronounceAI\librispeech\LibriSpeech\train-clean-100\103\1241\103-1241-0025.flac_aug,it's worse than anything you could imagine missus spencer said it was wicked of me to talk like that,29.41,7.25,0
E:\UMD\Data_641_PCS1\NLP_project\PronounceAI\librispeech\LibriSpeech\train-clean-100\103\1241\103-1241-0026.flac,they were good you know the asylum people but there is so little scope for the imagination in an asylum only just in the other orphans it was pretty interesting to imagine things about them,100.0,94.74,1
E:\UMD\Data_641_PCS1\NLP_project\PronounceAI\librispeech\LibriSpeech\train-clean-100\103\1241\103-1241-0026.flac_aug,they were good you know the asylum people but there is so little scope for the imagination in an asylum only just in the other orphans it was pretty interesting to imagine things about them,87.1,65.13,0
E:\UMD\Data_641_PCS1\NLP_project\PronounceAI\librispeech\LibriSpeech\train-clean-100\103\1241\103-1241-0027.flac,who had been stolen away from her parents in her infancy by a cruel nurse who died before she could confess i used to lie awake at nights and imagine things like that because i didn't have time in the day i guess that's why i'm so thin i am dreadful thin ain't i there isn't a pick on my bones,100.0,96.94,1
E:\UMD\Data_641_PCS1\NLP_project\PronounceAI\librispeech\LibriSpeech\train-clean-100\103\1241\103-1241-0027.flac_aug,who had been stolen away from her parents in her infancy by a cruel nurse who died before she could confess i used to lie awake at nights and imagine things like that because i didn't have time in the day i guess that's why i'm so thin i am dreadful thin ain't i there isn't a pick on my bones,24.66,2.0,0
E:\UMD\Data_641_PCS1\NLP_project\PronounceAI\librispeech\LibriSpeech\train-clean-100\103\1241\103-1241-0028.flac,i do love to imagine i'm nice and plump with dimples in my elbows with this matthew's companion stopped talking partly because she was out of breath and partly because they had reached the buggy not another word did she say until they had left the village and were driving down a steep little hill,100.0,98.08,1
E:\UMD\Data_641_PCS1\NLP_project\PronounceAI\librispeech\LibriSpeech\train-clean-100\103\1241\103-1241-0028.flac_aug,i do love to imagine i'm nice and plump with dimples in my elbows with this matthew's companion stopped talking partly because she was out of breath and partly because they had reached the buggy not another word did she say until they had left the village and were driving down a steep little hill,49.44,2.99,0
E:\UMD\Data_641_PCS1\NLP_project\PronounceAI\librispeech\LibriSpeech\train-clean-100\103\1241\103-1241-0029.flac,the road part of which had been cut so deeply into the soft soil that the banks fringed with blooming wild cherry trees and slim white birches were several feet above their heads the child put out her hand and broke off a branch of wild plum that brushed against the side of the buggy,100.0,98.14,1
E:\UMD\Data_641_PCS1\NLP_project\PronounceAI\librispeech\LibriSpeech\train-clean-100\103\1241\103-1241-0029.flac_aug,the road part of which had been cut so deeply into the soft soil that the banks fringed with blooming wild cherry trees and slim white birches were several feet above their heads the child put out her hand and broke off a branch of wild plum that brushed against the side of the buggy,34.88,0.0,0
E:\UMD\Data_641_PCS1\NLP_project\PronounceAI\librispeech\LibriSpeech\train-clean-100\103\1241\103-1241-0030.flac,isn't that beautiful what did that tree leaning out from the bank all white and lacy make you think of she asked well now i dunno said matthew why a bride of course a bride all in white with a lovely misty veil,100.0,96.05,1
E:\UMD\Data_641_PCS1\NLP_project\PronounceAI\librispeech\LibriSpeech\train-clean-100\103\1241\103-1241-0030.flac_aug,isn't that beautiful what did that tree leaning out from the bank all white and lacy make you think of she asked well now i dunno said matthew why a bride of course a bride all in white with a lovely misty veil,40.63,0.0,0
E:\UMD\Data_641_PCS1\NLP_project\PronounceAI\librispeech\LibriSpeech\train-clean-100\103\1241\103-1241-0031.flac,i've never seen one but i can imagine what she would look like i don't ever expect to be a bride myself i'm so homely nobody will ever want to marry me unless it might be a foreign missionary i suppose a foreign missionary mightn't be very particular,100.0,87.33,1
E:\UMD\Data_641_PCS1\NLP_project\PronounceAI\librispeech\LibriSpeech\train-clean-100\103\1241\103-1241-0031.flac_aug,i've never seen one but i can imagine what she would look like i don't ever expect to be a bride myself i'm so homely nobody will ever want to marry me unless it might be a foreign missionary i suppose a foreign missionary mightn't be very particular,64.0,0.0,0
E:\UMD\Data_641_PCS1\NLP_project\PronounceAI\librispeech\LibriSpeech\train-clean-100\103\1241\103-1241-0032.flac,but i do hope that some day i shall have a white dress that is my highest ideal of earthly bliss i just love pretty clothes and i've never had a pretty dress in my life that i can remember but of course it's all the more to look forward to isn't it and then,100.0,98.13,1
E:\UMD\Data_641_PCS1\NLP_project\PronounceAI\librispeech\LibriSpeech\train-clean-100\103\1241\103-1241-0032.flac_aug,but i do hope that some day i shall have a white dress that is my highest ideal of earthly bliss i just love pretty clothes and i've never had a pretty dress in my life that i can remember but of course it's all the more to look forward to isn't it and then,46.58,0.25,0
E:\UMD\Data_641_PCS1\NLP_project\PronounceAI\librispeech\LibriSpeech\train-clean-100\103\1241\103-1241-0033.flac,i can imagine that i'm dressed gorgeously this morning when i left the asylum i felt so ashamed because i had to wear this horrid old wincey dress all the orphans had to wear them you know a merchant in hopeton last winter donated three hundred yards of wincey to the asylum some people said it was because he couldn't sell it,100.0,98.26,1
E:\UMD\Data_641_PCS1\NLP_project\PronounceAI\librispeech\LibriSpeech\train-clean-100\103\1241\103-1241-0033.flac_aug,i can imagine that i'm dressed gorgeously this morning when i left the asylum i felt so ashamed because i had to wear this horrid old wincey dress all the orphans had to wear them you know a merchant in hopeton last winter donated three hundred yards of wincey to the asylum some people said it was because he couldn't sell it,43.01,0.0,0
E:\UMD\Data_641_PCS1\NLP_project\PronounceAI\librispeech\LibriSpeech\train-clean-100\103\1241\103-1241-0034.flac,but i'd rather believe that it was out of the kindness of his heart wouldn't you when we got on the train i felt as if everybody must be looking at me and pitying me but i just went to work and imagined that i had on the most beautiful pale blue silk dress because when you are imagining you might as well imagine something worth while,100.0,97.54,1
E:\UMD\Data_641_PCS1\NLP_project\PronounceAI\librispeech\LibriSpeech\train-clean-100\103\1241\103-1241-0034.flac_aug,but i'd rather believe that it was out of the kindness of his heart wouldn't you when we got on the train i felt as if everybody must be looking at me and pitying me but i just went to work and imagined that i had on the most beautiful pale blue silk dress because when you are imagining you might as well imagine something worth while,36.14,0.0,0
E:\UMD\Data_641_PCS1\NLP_project\PronounceAI\librispeech\LibriSpeech\train-clean-100\103\1241\103-1241-0035.flac,and a big hat all flowers and nodding plumes and a gold watch and kid gloves and boots i felt cheered up right away and i enjoyed my trip to the island with all my might i wasn't a bit sick coming over in the boat neither was missus spencer although she generally is,100.0,97.31,1
E:\UMD\Data_641_PCS1\NLP_project\PronounceAI\librispeech\LibriSpeech\train-clean-100\103\1241\103-1241-0035.flac_aug,and a big hat all flowers and nodding plumes and a gold watch and kid gloves and boots i felt cheered up right away and i enjoyed my trip to the island with all my might i wasn't a bit sick coming over in the boat neither was missus spencer although she generally is,22.22,0.75,0
E:\UMD\Data_641_PCS1\NLP_project\PronounceAI\librispeech\LibriSpeech\train-clean-100\103\1241\103-1241-0036.flac,she said she hadn't time to get sick watching to see that i didn't fall overboard she said she never saw the beat of me for prowling about but if it kept her from being seasick it's a mercy i did prowl isn't it and i wanted to see everything that was to be seen on that boat because i didn't know whether i'd ever have another opportunity,100.0,85.88,1
E:\UMD\Data_641_PCS1\NLP_project\PronounceAI\librispeech\LibriSpeech\train-clean-100\103\1241\103-1241-0036.flac_aug,she said she hadn't time to get sick watching to see that i didn't fall overboard she said she never saw the beat of me for prowling about but if it kept her from being seasick it's a mercy i did prowl isn't it and i wanted to see everything that was to be seen on that boat because i didn't know whether i'd ever have another opportunity,62.37,0.25,0
E:\UMD\Data_641_PCS1\NLP_project\PronounceAI\librispeech\LibriSpeech\train-clean-100\103\1241\103-1241-0037.flac,oh there are a lot more cherry trees all in bloom this island is the bloomiest place i just love it already and i'm so glad i'm going to live here i've always heard that prince edward island was the prettiest place in the world,100.0,68.08,1
E:\UMD\Data_641_PCS1\NLP_project\PronounceAI\librispeech\LibriSpeech\train-clean-100\103\1241\103-1241-0037.flac_aug,oh there are a lot more cherry trees all in bloom this island is the bloomiest place i just love it already and i'm so glad i'm going to live here i've always heard that prince edward island was the prettiest place in the world,46.15,0.25,0
E:\UMD\Data_641_PCS1\NLP_project\PronounceAI\librispeech\LibriSpeech\train-clean-100\103\1241\103-1241-0038.flac,and i used to imagine i was living here but i never really expected i would it's delightful when your imaginations come true isn't it but those red roads are so funny when we got into the train at charlottetown and the red roads began to flash past i asked missus spencer what made them red,100.0,95.15,1
E:\UMD\Data_641_PCS1\NLP_project\PronounceAI\librispeech\LibriSpeech\train-clean-100\103\1241\103-1241-0038.flac_aug,and i used to imagine i was living here but i never really expected i would it's delightful when your imaginations come true isn't it but those red roads are so funny when we got into the train at charlottetown and the red roads began to flash past i asked missus spencer what made them red,24.66,1.75,0
E:\UMD\Data_641_PCS1\NLP_project\PronounceAI\librispeech\LibriSpeech\train-clean-100\103\1241\103-1241-0039.flac,and she said she didn't know and for pity's sake not to ask her any more questions she said i must have asked her a thousand already i suppose i had too but how you going to find out about things if you don't ask questions and what does make the roads red well now i dunno said matthew,97.78,97.03,1
E:\UMD\Data_641_PCS1\NLP_project\PronounceAI\librispeech\LibriSpeech\train-clean-100\103\1241\103-1241-0039.flac_aug,and she said she didn't know and for pity's sake not to ask her any more questions she said i must have asked her a thousand already i suppose i had too but how you going to find out about things if you don't ask questions and what does make the roads red well now i dunno said matthew,62.07,3.0,0
E:\UMD\Data_641_PCS1\NLP_project\PronounceAI\librispeech\LibriSpeech\train-clean-100\103\1241\103-1241-0040.flac,there'd be no scope for imagination then would there but am i talking too much people are always telling me i do would you rather i didn't talk if you say so i'll stop i can stop when i make up my mind to it although it's difficult matthew,98.82,86.61,1
E:\UMD\Data_641_PCS1\NLP_project\PronounceAI\librispeech\LibriSpeech\train-clean-100\103\1241\103-1241-0040.flac_aug,there'd be no scope for imagination then would there but am i talking too much people are always telling me i do would you rather i didn't talk if you say so i'll stop i can stop when i make up my mind to it although it's difficult matthew,56.79,0.0,0
E:\UMD\Data_641_PCS1\NLP_project\PronounceAI\librispeech\LibriSpeech\train-clean-100\103\1241\103-1241-0041.flac,was enjoying himself like most quiet folks he liked talkative people when they were willing to do the talking themselves and did not expect him to keep up his end of it but he had never expected to enjoy the society of a little girl women were bad enough in all conscience but little girls were worse,100.0,97.92,1
E:\UMD\Data_641_PCS1\NLP_project\PronounceAI\librispeech\LibriSpeech\train-clean-100\103\1241\103-1241-0041.flac_aug,was enjoying himself like most quiet folks he liked talkative people when they were willing to do the talking themselves and did not expect him to keep up his end of it but he had never expected to enjoy the society of a little girl women were bad enough in all conscience but little girls were worse,10.34,0.5,0
E:\UMD\Data_641_PCS1\NLP_project\PronounceAI\librispeech\LibriSpeech\train-clean-100\103\1241\103-1241-0042.flac,he detested the way they had of sidling past him timidly with sidewise glances as if they expected him to gobble them up at a mouthful if they ventured to say a word that was the avonlea type of well bred little girl but this freckled witch was very different,100.0,96.98,1
E:\UMD\Data_641_PCS1\NLP_project\PronounceAI\librispeech\LibriSpeech\train-clean-100\103\1241\103-1241-0042.flac_aug,he detested the way they had of sidling past him timidly with sidewise glances as if they expected him to gobble them up at a mouthful if they ventured to say a word that was the avonlea type of well bred little girl but this freckled witch was very different,55.7,4.99,0
E:\UMD\Data_641_PCS1\NLP_project\PronounceAI\librispeech\LibriSpeech\train-clean-100\103\1241\103-1241-0043.flac,and although he found it rather difficult for his slower intelligence to keep up with her brisk mental processes,100.0,96.24,1
E:\UMD\Data_641_PCS1\NLP_project\PronounceAI\librispeech\LibriSpeech\train-clean-100\103\1241\103-1241-0043.flac_aug,and although he found it rather difficult for his slower intelligence to keep up with her brisk mental processes,50.0,8.66,0
E:\UMD\Data_641_PCS1\NLP_project\PronounceAI\librispeech\LibriSpeech\train-clean-100\1034\121119\1034-121119-0000.flac,chapter ninety nine the law we have seen how quietly,100.0,90.18,1
E:\UMD\Data_641_PCS1\NLP_project\PronounceAI\librispeech\LibriSpeech\train-clean-100\1034\121119\1034-121119-0000.flac_aug,chapter ninety nine the law we have seen how quietly,100.0,84.91,0
E:\UMD\Data_641_PCS1\NLP_project\PronounceAI\librispeech\LibriSpeech\train-clean-100\1034\121119\1034-121119-0001.flac,the fact being that every one was too much occupied in his or her own affairs to think of theirs we will leave the banker contemplating the enormous magnitude of his debt before the phantom of bankruptcy and follow the baroness,100.0,95.44,1
E:\UMD\Data_641_PCS1\NLP_project\PronounceAI\librispeech\LibriSpeech\train-clean-100\1034\121119\1034-121119-0001.flac_aug,the fact being that every one was too much occupied in his or her own affairs to think of theirs we will leave the banker contemplating the enormous magnitude of his debt before the phantom of bankruptcy and follow the baroness,88.24,1.55,0
E:\UMD\Data_641_PCS1\NLP_project\PronounceAI\librispeech\LibriSpeech\train-clean-100\1034\121119\1034-121119-0002.flac,who after being momentarily crushed under the weight of the blow which had struck her had gone to seek her usual adviser lucien debray the baroness had looked forward to this marriage as a means of ridding her of a guardianship which over a girl of eugenie's character,92.96,91.47,1
E:\UMD\Data_641_PCS1\NLP_project\PronounceAI\librispeech\LibriSpeech\train-clean-100\1034\121119\1034-121119-0002.flac_aug,who after being momentarily crushed under the weight of the blow which had struck her had gone to seek her usual adviser lucien debray the baroness had looked forward to this marriage as a means of ridding her of a guardianship which over a girl of eugenie's character,34.78,0.75,0
E:\UMD\Data_641_PCS1\NLP_project\PronounceAI\librispeech\LibriSpeech\train-clean-100\1034\121119\1034-121119-0003.flac,for in the tacit relations which maintain the bond of family union the mother to maintain her ascendancy over her daughter must never fail to be a model of wisdom and a type of perfection now,100.0,96.92,1
E:\UMD\Data_641_PCS1\NLP_project\PronounceAI\librispeech\LibriSpeech\train-clean-100\1034\121119\1034-121119-0003.flac_aug,for in the tacit relations which maintain the bond of family union the mother to maintain her ascendancy over her daughter must never fail to be a model of wisdom and a type of perfection now,96.43,0.0,0
E:\UMD\Data_641_PCS1\NLP_project\PronounceAI\librispeech\LibriSpeech\train-clean-100\1034\121119\1034-121119-0004.flac,an expression which seemed to imply that she understood all her mother's amorous and pecuniary relationships with the intimate secretary moreover,97.56,96.95,1
E:\UMD\Data_641_PCS1\NLP_project\PronounceAI\librispeech\LibriSpeech\train-clean-100\1034\121119\1034-121119-0004.flac_aug,an expression which seemed to imply that she understood all her mother's amorous and pecuniary relationships with the intimate secretary moreover,15.38,0.0,0
E:\UMD\Data_641_PCS1\NLP_project\PronounceAI\librispeech\LibriSpeech\train-clean-100\1034\121119\1034-121119-0005.flac,not only because he was a source of dissension and scandal under the paternal roof but because she had at once classed him in that catalogue of bipeds whom plato endeavors to withdraw from the appellation of men,100.0,96.07,1
E:\UMD\Data_641_PCS1\NLP_project\PronounceAI\librispeech\LibriSpeech\train-clean-100\1034\121119\1034-121119-0005.flac_aug,not only because he was a source of dissension and scandal under the paternal roof but because she had at once classed him in that catalogue of bipeds whom plato endeavors to withdraw from the appellation of men,49.23,0.25,0
E:\UMD\Data_641_PCS1\NLP_project\PronounceAI\librispeech\LibriSpeech\train-clean-100\1034\121119\1034-121119-0006.flac,unfortunately in this world of ours each person views things through a certain medium and so is prevented from seeing in the same light as others and madame danglars therefore very much regretted that the marriage of eugenie had not taken place,100.0,97.33,1
E:\UMD\Data_641_PCS1\NLP_project\PronounceAI\librispeech\LibriSpeech\train-clean-100\1034\121119\1034-121119-0006.flac_aug,unfortunately in this world of ours each person views things through a certain medium and so is prevented from seeing in the same light as others and madame danglars therefore very much regretted that the marriage of eugenie had not taken place,43.59,0.5,0
E:\UMD\Data_641_PCS1\NLP_project\PronounceAI\librispeech\LibriSpeech\train-clean-100\1034\121119\1034-121119-0007.flac,not only because the match was good and likely to insure the happiness of her child but because it would also set her at liberty she ran therefore to debray who after having like the rest of paris witnessed the contract scene and the scandal attending it,100.0,94.41,1
E:\UMD\Data_641_PCS1\NLP_project\PronounceAI\librispeech\LibriSpeech\train-clean-100\1034\121119\1034-121119-0007.flac_aug,not only because the match was good and likely to insure the happiness of her child but because it would also set her at liberty she ran therefore to debray who after having like the rest of paris witnessed the contract scene and the scandal attending it,89.19,0.0,0
E:\UMD\Data_641_PCS1\NLP_project\PronounceAI\librispeech\LibriSpeech\train-clean-100\1034\121119\1034-121119-0008.flac,had retired in haste to his club where he was chatting with some friends upon the events which served as a subject of conversation for three fourths of that city known as the capital of the world at the precise time when madame danglars dressed in black and concealed in a long veil,100.0,96.32,1
E:\UMD\Data_641_PCS1\NLP_project\PronounceAI\librispeech\LibriSpeech\train-clean-100\1034\121119\1034-121119-0008.flac_aug,had retired in haste to his club where he was chatting with some friends upon the events which served as a subject of conversation for three fourths of that city known as the capital of the world at the precise time when madame danglars dressed in black and concealed in a long veil,32.56,3.22,0
E:\UMD\Data_641_PCS1\NLP_project\PronounceAI\librispeech\LibriSpeech\train-clean-100\1034\121119\1034-121119-0009.flac,was ascending the stairs leading to debray's apartments,100.0,95.23,1
E:\UMD\Data_641_PCS1\NLP_project\PronounceAI\librispeech\LibriSpeech\train-clean-100\1034\121119\1034-121119-0009.flac_aug,was ascending the stairs leading to debray's apartments,75.0,87.83,0
E:\UMD\Data_641_PCS1\NLP_project\PronounceAI\librispeech\LibriSpeech\train-clean-100\1034\121119\1034-121119-0010.flac,debray was occupied in repelling the insinuations of a friend who tried to persuade him,100.0,95.47,1
E:\UMD\Data_641_PCS1\NLP_project\PronounceAI\librispeech\LibriSpeech\train-clean-100\1034\121119\1034-121119-0010.flac_aug,debray was occupied in repelling the insinuations of a friend who tried to persuade him,40.0,14.65,0
E:\UMD\Data_641_PCS1\NLP_project\PronounceAI\librispeech\LibriSpeech\train-clean-100\1034\121119\1034-121119-0011.flac,still when he recollected the independent proud spirit of eugenie he positively rejected it as utterly impossible though the same thought again continually recurred and found a resting place in his heart tea play,100.0,81.92,1
E:\UMD\Data_641_PCS1\NLP_project\PronounceAI\librispeech\LibriSpeech\train-clean-100\1034\121119\1034-121119-0011.flac_aug,still when he recollected the independent proud spirit of eugenie he positively rejected it as utterly impossible though the same thought again continually recurred and found a resting place in his heart tea play,90.32,4.74,0
E:\UMD\Data_641_PCS1\NLP_project\PronounceAI\librispeech\LibriSpeech\train-clean-100\1034\121119\1034-121119-0012.flac,and the conversation which had become interesting during the discussion of such serious affairs,100.0,86.61,1
E:\UMD\Data_641_PCS1\NLP_project\PronounceAI\librispeech\LibriSpeech\train-clean-100\1034\121119\1034-121119-0012.flac_aug,and the conversation which had become interesting during the discussion of such serious affairs,6.67,0.5,0
E:\UMD\Data_641_PCS1\NLP_project\PronounceAI\librispeech\LibriSpeech\train-clean-100\1034\121119\1034-121119-0013.flac,awaited the return of debray in the little green room seated between two baskets of flowers which she had that morning sent and which it must be confessed,100.0,92.7,1
E:\UMD\Data_641_PCS1\NLP_project\PronounceAI\librispeech\LibriSpeech\train-clean-100\1034\121119\1034-121119-0013.flac_aug,awaited the return of debray in the little green room seated between two baskets of flowers which she had that morning sent and which it must be confessed,24.0,0.0,0
E:\UMD\Data_641_PCS1\NLP_project\PronounceAI\librispeech\LibriSpeech\train-clean-100\1034\121119\1034-121119-0014.flac,with so much care that his absence was half excused in the eyes of the poor woman at twenty minutes of twelve madame danglars tired of waiting returned home women of a certain grade are like prosperous grisettes in one respect they seldom return home after twelve o'clock,100.0,96.95,1
E:\UMD\Data_641_PCS1\NLP_project\PronounceAI\librispeech\LibriSpeech\train-clean-100\1034\121119\1034-121119-0014.flac_aug,with so much care that his absence was half excused in the eyes of the poor woman at twenty minutes of twelve madame danglars tired of waiting returned home women of a certain grade are like prosperous grisettes in one respect they seldom return home after twelve o'clock,45.24,1.0,0
E:\UMD\Data_641_PCS1\NLP_project\PronounceAI\librispeech\LibriSpeech\train-clean-100\1034\121119\1034-121119-0015.flac,the baroness returned to the hotel with as much caution as eugenie used in leaving it she ran lightly up stairs and with an aching heart entered her apartment contiguous as we know to that of eugenie she was fearful of exciting any remark,100.0,97.38,1
E:\UMD\Data_641_PCS1\NLP_project\PronounceAI\librispeech\LibriSpeech\train-clean-100\1034\121119\1034-121119-0015.flac_aug,the baroness returned to the hotel with as much caution as eugenie used in leaving it she ran lightly up stairs and with an aching heart entered her apartment contiguous as we know to that of eugenie she was fearful of exciting any remark,40.54,4.42,0
E:\UMD\Data_641_PCS1\NLP_project\PronounceAI\librispeech\LibriSpeech\train-clean-100\1034\121119\1034-121119-0016.flac,and believed firmly in her daughter's innocence and fidelity to the paternal roof she listened at eugenie's door and hearing no sound tried to enter but the bolts were in place madame danglars then concluded that the young girl had been overcome with the terrible excitement of the evening,100.0,93.51,1
E:\UMD\Data_641_PCS1\NLP_project\PronounceAI\librispeech\LibriSpeech\train-clean-100\1034\121119\1034-121119-0016.flac_aug,and believed firmly in her daughter's innocence and fidelity to the paternal roof she listened at eugenie's door and hearing no sound tried to enter but the bolts were in place madame danglars then concluded that the young girl had been overcome with the terrible excitement of the evening,85.0,2.25,0
E:\UMD\Data_641_PCS1\NLP_project\PronounceAI\librispeech\LibriSpeech\train-clean-100\1034\121119\1034-121119-0017.flac,and had gone to bed and to sleep she called the maid and questioned her mademoiselle eugenie said the maid,100.0,90.18,1
E:\UMD\Data_641_PCS1\NLP_project\PronounceAI\librispeech\LibriSpeech\train-clean-100\1034\121119\1034-121119-0017.flac_aug,and had gone to bed and to sleep she called the maid and questioned her mademoiselle eugenie said the maid,55.17,0.5,0
E:\UMD\Data_641_PCS1\NLP_project\PronounceAI\librispeech\LibriSpeech\train-clean-100\1034\121119\1034-121119-0018.flac,after which they desired me to leave saying that they needed me no longer,100.0,92.54,1
E:\UMD\Data_641_PCS1\NLP_project\PronounceAI\librispeech\LibriSpeech\train-clean-100\1034\121119\1034-121119-0018.flac_aug,after which they desired me to leave saying that they needed me no longer,33.33,12.25,0
E:\UMD\Data_641_PCS1\NLP_project\PronounceAI\librispeech\LibriSpeech\train-clean-100\1034\121119\1034-121119-0019.flac,madame danglars therefore went to bed without a shadow of suspicion and began to muse over the recent events in proportion as her memory became clearer the occurrences of the evening were revealed in their true light what she had taken for confusion was a tumult,100.0,96.47,1
E:\UMD\Data_641_PCS1\NLP_project\PronounceAI\librispeech\LibriSpeech\train-clean-100\1034\121119\1034-121119-0019.flac_aug,madame danglars therefore went to bed without a shadow of suspicion and began to muse over the recent events in proportion as her memory became clearer the occurrences of the evening were revealed in their true light what she had taken for confusion was a tumult,86.08,0.0,0
E:\UMD\Data_641_PCS1\NLP_project\PronounceAI\librispeech\LibriSpeech\train-clean-100\1034\121119\1034-121119-0020.flac,who had been afflicted with as severe a blow through her husband and son eugenie she said to herself is lost and so are we the affair as it will be reported will cover us with shame,100.0,96.24,1
E:\UMD\Data_641_PCS1\NLP_project\PronounceAI\librispeech\LibriSpeech\train-clean-100\1034\121119\1034-121119-0020.flac_aug,who had been afflicted with as severe a blow through her husband and son eugenie she said to herself is lost and so are we the affair as it will be reported will cover us with shame,53.12,0.0,0
E:\UMD\Data_641_PCS1\NLP_project\PronounceAI\librispeech\LibriSpeech\train-clean-100\1034\121119\1034-121119-0021.flac,for in a society such as ours satire inflicts a painful and incurable wound,100.0,96.21,1
E:\UMD\Data_641_PCS1\NLP_project\PronounceAI\librispeech\LibriSpeech\train-clean-100\1034\121119\1034-121119-0021.flac_aug,for in a society such as ours satire inflicts a painful and incurable wound,74.07,33.35,0
E:\UMD\Data_641_PCS1\NLP_project\PronounceAI\librispeech\LibriSpeech\train-clean-100\1034\121119\1034-121119-0022.flac,and her glance was turned towards heaven,100.0,86.7,1
E:\UMD\Data_641_PCS1\NLP_project\PronounceAI\librispeech\LibriSpeech\train-clean-100\1034\121119\1034-121119-0022.flac_aug,and her glance was turned towards heaven,28.57,6.5,0
E:\UMD\Data_641_PCS1\NLP_project\PronounceAI\librispeech\LibriSpeech\train-clean-100\1034\121119\1034-121119-0023.flac,and out of a fault nay even a vice sometimes produces a blessing and then her thoughts cleaving through space like a bird in the air rested on cavalcanti this andrea was a wretch a robber an assassin,100.0,96.74,1
E:\UMD\Data_641_PCS1\NLP_project\PronounceAI\librispeech\LibriSpeech\train-clean-100\1034\121119\1034-121119-0023.flac_aug,and out of a fault nay even a vice sometimes produces a blessing and then her thoughts cleaving through space like a bird in the air rested on cavalcanti this andrea was a wretch a robber an assassin,74.19,2.43,0
E:\UMD\Data_641_PCS1\NLP_project\PronounceAI\librispeech\LibriSpeech\train-clean-100\1034\121119\1034-121119-0024.flac,and yet his manners showed the effects of a sort of education if not a complete one,100.0,93.73,1
E:\UMD\Data_641_PCS1\NLP_project\PronounceAI\librispeech\LibriSpeech\train-clean-100\1034\121119\1034-121119-0024.flac_aug,and yet his manners showed the effects of a sort of education if not a complete one,55.17,0.0,0
E:\UMD\Data_641_PCS1\NLP_project\PronounceAI\librispeech\LibriSpeech\train-clean-100\1034\121119\1034-121119-0025.flac,supported by an honorable name how could she extricate herself from this labyrinth to whom would she apply to help her out of this painful situation debray to whom she had run with the first instinct of a woman towards the man she loves and who yet betrays her,100.0,94.37,1
E:\UMD\Data_641_PCS1\NLP_project\PronounceAI\librispeech\LibriSpeech\train-clean-100\1034\121119\1034-121119-0025.flac_aug,supported by an honorable name how could she extricate herself from this labyrinth to whom would she apply to help her out of this painful situation debray to whom she had run with the first instinct of a woman towards the man she loves and who yet betrays her,16.67,0.25,0
E:\UMD\Data_641_PCS1\NLP_project\PronounceAI\librispeech\LibriSpeech\train-clean-100\1034\121119\1034-121119-0026.flac,debray could but give her advice she must apply to some one more powerful than he,100.0,92.87,1
E:\UMD\Data_641_PCS1\NLP_project\PronounceAI\librispeech\LibriSpeech\train-clean-100\1034\121119\1034-121119-0026.flac_aug,debray could but give her advice she must apply to some one more powerful than he,13.79,0.0,0
E:\UMD\Data_641_PCS1\NLP_project\PronounceAI\librispeech\LibriSpeech\train-clean-100\1034\121119\1034-121119-0027.flac,but no on reflection the procureur was not a merciless man and it was not the magistrate slave to his duties but the friend the loyal friend who roughly but firmly cut into the very core of the corruption,100.0,96.89,1
E:\UMD\Data_641_PCS1\NLP_project\PronounceAI\librispeech\LibriSpeech\train-clean-100\1034\121119\1034-121119-0027.flac_aug,but no on reflection the procureur was not a merciless man and it was not the magistrate slave to his duties but the friend the loyal friend who roughly but firmly cut into the very core of the corruption,76.67,22.12,0
E:\UMD\Data_641_PCS1\NLP_project\PronounceAI\librispeech\LibriSpeech\train-clean-100\1034\121119\1034-121119-0028.flac,it was not the executioner but the surgeon who wished to withdraw the honor of danglars from ignominious association with the disgraced young man they had presented to the world as their son in law and since villefort the friend of danglars had acted in this way,100.0,97.04,1
E:\UMD\Data_641_PCS1\NLP_project\PronounceAI\librispeech\LibriSpeech\train-clean-100\1034\121119\1034-121119-0028.flac_aug,it was not the executioner but the surgeon who wished to withdraw the honor of danglars from ignominious association with the disgraced young man they had presented to the world as their son in law and since villefort the friend of danglars had acted in this way,55.88,4.89,0
E:\UMD\Data_641_PCS1\NLP_project\PronounceAI\librispeech\LibriSpeech\train-clean-100\1034\121119\1034-121119-0029.flac,no one could suppose that he had been previously acquainted with or had lent himself to any of andrea's intrigues,100.0,90.71,1
E:\UMD\Data_641_PCS1\NLP_project\PronounceAI\librispeech\LibriSpeech\train-clean-100\1034\121119\1034-121119-0029.flac_aug,no one could suppose that he had been previously acquainted with or had lent himself to any of andrea's intrigues,81.08,0.0,0
E:\UMD\Data_641_PCS1\NLP_project\PronounceAI\librispeech\LibriSpeech\train-clean-100\1034\121119\1034-121119-0030.flac,appeared to the baroness as if shaped for their mutual advantage but the inflexibility of the procureur should stop there she would see him the next day and if she could not make him fail in his duties as a magistrate she would at least,100.0,97.73,1
E:\UMD\Data_641_PCS1\NLP_project\PronounceAI\librispeech\LibriSpeech\train-clean-100\1034\121119\1034-121119-0030.flac_aug,appeared to the baroness as if shaped for their mutual advantage but the inflexibility of the procureur should stop there she would see him the next day and if she could not make him fail in his duties as a magistrate she would at least,77.78,89.23,0
E:\UMD\Data_641_PCS1\NLP_project\PronounceAI\librispeech\LibriSpeech\train-clean-100\1034\121119\1034-121119-0031.flac,obtain all the indulgence he could allow she would invoke the past recall old recollections she would supplicate him by the remembrance of guilty yet happy days,100.0,95.18,1
E:\UMD\Data_641_PCS1\NLP_project\PronounceAI\librispeech\LibriSpeech\train-clean-100\1034\121119\1034-121119-0031.flac_aug,obtain all the indulgence he could allow she would invoke the past recall old recollections she would supplicate him by the remembrance of guilty yet happy days,21.28,0.5,0
E:\UMD\Data_641_PCS1\NLP_project\PronounceAI\librispeech\LibriSpeech\train-clean-100\1034\121119\1034-121119-0032.flac,he had only to turn his eyes on one side and allow andrea to fly and follow up the crime under that shadow of guilt called contempt of court and after this reasoning she slept easily,100.0,95.28,1
E:\UMD\Data_641_PCS1\NLP_project\PronounceAI\librispeech\LibriSpeech\train-clean-100\1034\121119\1034-121119-0032.flac_aug,he had only to turn his eyes on one side and allow andrea to fly and follow up the crime under that shadow of guilt called contempt of court and after this reasoning she slept easily,82.54,0.0,0
E:\UMD\Data_641_PCS1\NLP_project\PronounceAI\librispeech\LibriSpeech\train-clean-100\1034\121119\1034-121119-0033.flac,at nine o'clock next morning she arose and without ringing for her maid or giving the least sign of her activity she dressed herself in the same simple style as on the previous night then running down stairs she left the hotel walked to the rue de provence,93.83,97.88,1
E:\UMD\Data_641_PCS1\NLP_project\PronounceAI\librispeech\LibriSpeech\train-clean-100\1034\121119\1034-121119-0033.flac_aug,at nine o'clock next morning she arose and without ringing for her maid or giving the least sign of her activity she dressed herself in the same simple style as on the previous night then running down stairs she left the hotel walked to the rue de provence,25.64,0.0,0
E:\UMD\Data_641_PCS1\NLP_project\PronounceAI\librispeech\LibriSpeech\train-clean-100\1034\121119\1034-121119-0034.flac,for the last month this wretched house had presented the gloomy appearance of a lazaretto infected with the plague some of the apartments were closed within and without the shutters were only opened to admit a minute's air showing the scared face of a footman,97.14,93.02,1
E:\UMD\Data_641_PCS1\NLP_project\PronounceAI\librispeech\LibriSpeech\train-clean-100\1034\121119\1034-121119-0034.flac_aug,for the last month this wretched house had presented the gloomy appearance of a lazaretto infected with the plague some of the apartments were closed within and without the shutters were only opened to admit a minute's air showing the scared face of a footman,68.57,4.18,0
E:\UMD\Data_641_PCS1\NLP_project\PronounceAI\librispeech\LibriSpeech\train-clean-100\1034\121119\1034-121119-0035.flac,and the neighbors would say to each other in a low voice,100.0,92.62,1
E:\UMD\Data_641_PCS1\NLP_project\PronounceAI\librispeech\LibriSpeech\train-clean-100\1034\121119\1034-121119-0035.flac_aug,and the neighbors would say to each other in a low voice,21.05,0.25,0
E:\UMD\Data_641_PCS1\NLP_project\PronounceAI\librispeech\LibriSpeech\train-clean-100\1034\121119\1034-121119-0036.flac,madame danglars involuntarily shuddered at the desolate aspect of the mansion,100.0,91.52,1
E:\UMD\Data_641_PCS1\NLP_project\PronounceAI\librispeech\LibriSpeech\train-clean-100\1034\121119\1034-121119-0036.flac_aug,madame danglars involuntarily shuddered at the desolate aspect of the mansion,26.09,0.25,0
E:\UMD\Data_641_PCS1\NLP_project\PronounceAI\librispeech\LibriSpeech\train-clean-100\1034\121119\1034-121119-0037.flac,three times did the bell ring with a dull heavy sound seeming to participate in the general sadness before the concierge appeared and peeped through the door which he opened just wide enough to allow his words to be heard,100.0,97.37,1
E:\UMD\Data_641_PCS1\NLP_project\PronounceAI\librispeech\LibriSpeech\train-clean-100\1034\121119\1034-121119-0037.flac_aug,three times did the bell ring with a dull heavy sound seeming to participate in the general sadness before the concierge appeared and peeped through the door which he opened just wide enough to allow his words to be heard,88.24,6.06,0
E:\UMD\Data_641_PCS1\NLP_project\PronounceAI\librispeech\LibriSpeech\train-clean-100\1034\121119\1034-121119-0038.flac,he saw a lady a fashionable elegantly dressed lady,100.0,90.03,1
E:\UMD\Data_641_PCS1\NLP_project\PronounceAI\librispeech\LibriSpeech\train-clean-100\1034\121119\1034-121119-0038.flac_aug,he saw a lady a fashionable elegantly dressed lady,71.43,22.58,0
E:\UMD\Data_641_PCS1\NLP_project\PronounceAI\librispeech\LibriSpeech\train-clean-100\1034\121119\1034-121119-0039.flac,first madame who are you who am i you know me well enough we no longer know any one madame,100.0,91.78,1
E:\UMD\Data_641_PCS1\NLP_project\PronounceAI\librispeech\LibriSpeech\train-clean-100\1034\121119\1034-121119-0039.flac_aug,first madame who are you who am i you know me well enough we no longer know any one madame,17.65,0.0,0
E:\UMD\Data_641_PCS1\NLP_project\PronounceAI\librispeech\LibriSpeech\train-clean-100\1034\121119\1034-121119-0040.flac,where do you come from oh this is too much madame these are my orders excuse me your name the baroness danglars you have seen me twenty times,100.0,96.54,1
E:\UMD\Data_641_PCS1\NLP_project\PronounceAI\librispeech\LibriSpeech\train-clean-100\1034\121119\1034-121119-0040.flac_aug,where do you come from oh this is too much madame these are my orders excuse me your name the baroness danglars you have seen me twenty times,59.26,17.38,0
E:\UMD\Data_641_PCS1\NLP_project\PronounceAI\librispeech\LibriSpeech\train-clean-100\1034\121119\1034-121119-0041.flac,possibly madame and now what do you want,100.0,91.45,1
E:\UMD\Data_641_PCS1\NLP_project\PronounceAI\librispeech\LibriSpeech\train-clean-100\1034\121119\1034-121119-0041.flac_aug,possibly madame and now what do you want,80.0,0.0,0
E:\UMD\Data_641_PCS1\NLP_project\PronounceAI\librispeech\LibriSpeech\train-clean-100\1034\121119\1034-121119-0042.flac,madame this is precaution not impertinence,100.0,89.81,1
E:\UMD\Data_641_PCS1\NLP_project\PronounceAI\librispeech\LibriSpeech\train-clean-100\1034\121119\1034-121119-0042.flac_aug,madame this is precaution not impertinence,50.0,0.75,0
E:\UMD\Data_641_PCS1\NLP_project\PronounceAI\librispeech\LibriSpeech\train-clean-100\1034\121119\1034-121119-0043.flac,or without speaking to the procureur well i have business with the procureur is it pressing business you can imagine so since i have not even brought my carriage out yet but enough of this here is my card,100.0,95.69,1
E:\UMD\Data_641_PCS1\NLP_project\PronounceAI\librispeech\LibriSpeech\train-clean-100\1034\121119\1034-121119-0043.flac_aug,or without speaking to the procureur well i have business with the procureur is it pressing business you can imagine so since i have not even brought my carriage out yet but enough of this here is my card,90.62,0.0,0
E:\UMD\Data_641_PCS1\NLP_project\PronounceAI\librispeech\LibriSpeech\train-clean-100\1034\121119\1034-121119-0044.flac,take it to your master madame will await my return yes go the concierge closed the door leaving madame danglars in the street she had not long to wait,100.0,91.62,1
E:\UMD\Data_641_PCS1\NLP_project\PronounceAI\librispeech\LibriSpeech\train-clean-100\1034\121119\1034-121119-0044.flac_aug,take it to your master madame will await my return yes go the concierge closed the door leaving madame danglars in the street she had not long to wait,25.0,11.04,0
E:\UMD\Data_641_PCS1\NLP_project\PronounceAI\librispeech\LibriSpeech\train-clean-100\1034\121119\1034-121119-0045.flac,directly afterwards the door was opened wide enough to admit her and when she had passed through it was again shut without losing sight of her for an instant the concierge took a whistle from his pocket as soon as they entered the court and blew it,100.0,97.09,1
E:\UMD\Data_641_PCS1\NLP_project\PronounceAI\librispeech\LibriSpeech\train-clean-100\1034\121119\1034-121119-0045.flac_aug,directly afterwards the door was opened wide enough to admit her and when she had passed through it was again shut without losing sight of her for an instant the concierge took a whistle from his pocket as soon as they entered the court and blew it,48.65,26.58,0
E:\UMD\Data_641_PCS1\NLP_project\PronounceAI\librispeech\LibriSpeech\train-clean-100\1034\121119\1034-121119-0046.flac,you will excuse this poor fellow madame,100.0,93.54,1
E:\UMD\Data_641_PCS1\NLP_project\PronounceAI\librispeech\LibriSpeech\train-clean-100\1034\121119\1034-121119-0046.flac_aug,you will excuse this poor fellow madame,80.0,18.0,0
E:\UMD\Data_641_PCS1\NLP_project\PronounceAI\librispeech\LibriSpeech\train-clean-100\1034\121119\1034-121119-0047.flac,in the court showing his merchandise was a tradesman who had been admitted with the same precautions the baroness ascended the steps she felt herself strongly infected with the sadness which seemed to magnify her own,100.0,97.3,1
E:\UMD\Data_641_PCS1\NLP_project\PronounceAI\librispeech\LibriSpeech\train-clean-100\1034\121119\1034-121119-0047.flac_aug,in the court showing his merchandise was a tradesman who had been admitted with the same precautions the baroness ascended the steps she felt herself strongly infected with the sadness which seemed to magnify her own,30.0,34.36,0
E:\UMD\Data_641_PCS1\NLP_project\PronounceAI\librispeech\LibriSpeech\train-clean-100\1034\121119\1034-121119-0048.flac,preoccupied as madame danglars had been with the object of her visit the treatment she had received from these underlings appeared to her so insulting that she began by complaining of it,100.0,89.47,1
E:\UMD\Data_641_PCS1\NLP_project\PronounceAI\librispeech\LibriSpeech\train-clean-100\1034\121119\1034-121119-0048.flac_aug,preoccupied as madame danglars had been with the object of her visit the treatment she had received from these underlings appeared to her so insulting that she began by complaining of it,83.64,28.43,0
E:\UMD\Data_641_PCS1\NLP_project\PronounceAI\librispeech\LibriSpeech\train-clean-100\1034\121119\1034-121119-0049.flac,raising his head bowed down by grief looked up at her with so sad a smile that her complaints died upon her lips forgive my servants he said for a terror i cannot blame them for from being suspected they have become suspicious,100.0,89.62,1
E:\UMD\Data_641_PCS1\NLP_project\PronounceAI\librispeech\LibriSpeech\train-clean-100\1034\121119\1034-121119-0049.flac_aug,raising his head bowed down by grief looked up at her with so sad a smile that her complaints died upon her lips forgive my servants he said for a terror i cannot blame them for from being suspected they have become suspicious,85.33,0.0,0
E:\UMD\Data_641_PCS1\NLP_project\PronounceAI\librispeech\LibriSpeech\train-clean-100\1034\121119\1034-121119-0050.flac,you too then are unhappy she said yes madame replied the magistrate then you pity me sincerely madame and you understand what brings me here,100.0,91.53,1
E:\UMD\Data_641_PCS1\NLP_project\PronounceAI\librispeech\LibriSpeech\train-clean-100\1034\121119\1034-121119-0050.flac_aug,you too then are unhappy she said yes madame replied the magistrate then you pity me sincerely madame and you understand what brings me here,18.6,0.0,0
E:\UMD\Data_641_PCS1\NLP_project\PronounceAI\librispeech\LibriSpeech\train-clean-100\1034\121119\1034-121119-0051.flac,you wish to speak to me about the circumstance which has just happened yes sir a fearful misfortune you mean a mischance a mischance repeated the baroness alas madame,100.0,91.91,1
E:\UMD\Data_641_PCS1\NLP_project\PronounceAI\librispeech\LibriSpeech\train-clean-100\1034\121119\1034-121119-0051.flac_aug,you wish to speak to me about the circumstance which has just happened yes sir a fearful misfortune you mean a mischance a mischance repeated the baroness alas madame,68.0,16.95,0
E:\UMD\Data_641_PCS1\NLP_project\PronounceAI\librispeech\LibriSpeech\train-clean-100\1034\121119\1034-121119-0052.flac,said the procureur with his imperturbable calmness of manner i consider those alone misfortunes which are irreparable and do you suppose this will be forgotten everything will be forgotten madame said villefort,100.0,95.53,1
E:\UMD\Data_641_PCS1\NLP_project\PronounceAI\librispeech\LibriSpeech\train-clean-100\1034\121119\1034-121119-0052.flac_aug,said the procureur with his imperturbable calmness of manner i consider those alone misfortunes which are irreparable and do you suppose this will be forgotten everything will be forgotten madame said villefort,40.0,0.0,0
E:\UMD\Data_641_PCS1\NLP_project\PronounceAI\librispeech\LibriSpeech\train-clean-100\1034\121119\1034-121119-0053.flac,your daughter will be married to morrow if not to day in a week if not to morrow and i do not think you can regret the intended husband of your daughter madame danglars gazed on villefort stupefied to find him so almost insultingly calm,100.0,95.89,1
E:\UMD\Data_641_PCS1\NLP_project\PronounceAI\librispeech\LibriSpeech\train-clean-100\1034\121119\1034-121119-0053.flac_aug,your daughter will be married to morrow if not to day in a week if not to morrow and i do not think you can regret the intended husband of your daughter madame danglars gazed on villefort stupefied to find him so almost insultingly calm,64.86,0.0,0
E:\UMD\Data_641_PCS1\NLP_project\PronounceAI\librispeech\LibriSpeech\train-clean-100\1034\121119\1034-121119-0054.flac,am i come to a friend she asked in a tone full of mournful dignity,100.0,89.88,1
E:\UMD\Data_641_PCS1\NLP_project\PronounceAI\librispeech\LibriSpeech\train-clean-100\1034\121119\1034-121119-0054.flac_aug,am i come to a friend she asked in a tone full of mournful dignity,78.57,0.0,0
E:\UMD\Data_641_PCS1\NLP_project\PronounceAI\librispeech\LibriSpeech\train-clean-100\1034\121119\1034-121119-0055.flac,said villefort whose pale cheeks became slightly flushed as he gave her the assurance and truly this assurance carried him back to different events from those now occupying the baroness and him well then be more affectionate my dear villefort,100.0,97.99,1
E:\UMD\Data_641_PCS1\NLP_project\PronounceAI\librispeech\LibriSpeech\train-clean-100\1034\121119\1034-121119-0055.flac_aug,said villefort whose pale cheeks became slightly flushed as he gave her the assurance and truly this assurance carried him back to different events from those now occupying the baroness and him well then be more affectionate my dear villefort,52.94,27.34,0
E:\UMD\Data_641_PCS1\NLP_project\PronounceAI\librispeech\LibriSpeech\train-clean-100\1034\121119\1034-121119-0056.flac,said the baroness speak to me not as a magistrate but as a friend and when i am in bitter anguish of spirit do not tell me that i ought to be gay villefort bowed when i hear misfortunes named madame,96.97,94.06,1
E:\UMD\Data_641_PCS1\NLP_project\PronounceAI\librispeech\LibriSpeech\train-clean-100\1034\121119\1034-121119-0056.flac_aug,said the baroness speak to me not as a magistrate but as a friend and when i am in bitter anguish of spirit do not tell me that i ought to be gay villefort bowed when i hear misfortunes named madame,26.23,10.24,0
E:\UMD\Data_641_PCS1\NLP_project\PronounceAI\librispeech\LibriSpeech\train-clean-100\1034\121119\1034-121119-0057.flac,he said i have within the last few months contracted the bad habit of thinking of my own and then i cannot help drawing up an egotistical parallel in my mind that is the reason that by the side of my misfortunes,100.0,85.72,1
E:\UMD\Data_641_PCS1\NLP_project\PronounceAI\librispeech\LibriSpeech\train-clean-100\1034\121119\1034-121119-0057.flac_aug,he said i have within the last few months contracted the bad habit of thinking of my own and then i cannot help drawing up an egotistical parallel in my mind that is the reason that by the side of my misfortunes,71.64,16.51,0
E:\UMD\Data_641_PCS1\NLP_project\PronounceAI\librispeech\LibriSpeech\train-clean-100\1034\121119\1034-121119-0058.flac,but this annoys you let us change the subject you were saying madame i came to ask you my friend said the baroness what will be done with this impostor impostor,100.0,93.15,1
E:\UMD\Data_641_PCS1\NLP_project\PronounceAI\librispeech\LibriSpeech\train-clean-100\1034\121119\1034-121119-0058.flac_aug,but this annoys you let us change the subject you were saying madame i came to ask you my friend said the baroness what will be done with this impostor impostor,39.29,0.0,0
E:\UMD\Data_641_PCS1\NLP_project\PronounceAI\librispeech\LibriSpeech\train-clean-100\1034\121119\1034-121119-0059.flac,certainly madame you appear to extenuate some cases and exaggerate others impostor indeed,100.0,94.48,1
E:\UMD\Data_641_PCS1\NLP_project\PronounceAI\librispeech\LibriSpeech\train-clean-100\1034\121119\1034-121119-0059.flac_aug,certainly madame you appear to extenuate some cases and exaggerate others impostor indeed,55.17,71.31,0
E:\UMD\Data_641_PCS1\NLP_project\PronounceAI\librispeech\LibriSpeech\train-clean-100\1034\121119\1034-121119-0060.flac,is nothing more nor less than an assassin sir i do not deny the justice of your correction,100.0,86.52,1
E:\UMD\Data_641_PCS1\NLP_project\PronounceAI\librispeech\LibriSpeech\train-clean-100\1034\121119\1034-121119-0060.flac_aug,is nothing more nor less than an assassin sir i do not deny the justice of your correction,66.67,55.99,0
E:\UMD\Data_641_PCS1\NLP_project\PronounceAI\librispeech\LibriSpeech\train-clean-100\1034\121119\1034-121119-0061.flac,come forget him for a moment and instead of pursuing him let him go you are too late madame the orders are issued,100.0,86.46,1
E:\UMD\Data_641_PCS1\NLP_project\PronounceAI\librispeech\LibriSpeech\train-clean-100\1034\121119\1034-121119-0061.flac_aug,come forget him for a moment and instead of pursuing him let him go you are too late madame the orders are issued,97.44,5.9,0
E:\UMD\Data_641_PCS1\NLP_project\PronounceAI\librispeech\LibriSpeech\train-clean-100\1034\121119\1034-121119-0062.flac,i hope so if they should arrest him i know that sometimes prisoners afford means of escape will you leave him in prison the procureur shook his head at least keep him there till my daughter be married,100.0,92.62,1
E:\UMD\Data_641_PCS1\NLP_project\PronounceAI\librispeech\LibriSpeech\train-clean-100\1034\121119\1034-121119-0062.flac_aug,i hope so if they should arrest him i know that sometimes prisoners afford means of escape will you leave him in prison the procureur shook his head at least keep him there till my daughter be married,81.69,7.17,0
E:\UMD\Data_641_PCS1\NLP_project\PronounceAI\librispeech\LibriSpeech\train-clean-100\1034\121119\1034-121119-0063.flac,impossible madame justice has its formalities what even for me said the baroness half jesting half in earnest for all even for myself among the rest,100.0,95.72,1
E:\UMD\Data_641_PCS1\NLP_project\PronounceAI\librispeech\LibriSpeech\train-clean-100\1034\121119\1034-121119-0063.flac_aug,impossible madame justice has its formalities what even for me said the baroness half jesting half in earnest for all even for myself among the rest,47.62,0.0,0
E:\UMD\Data_641_PCS1\NLP_project\PronounceAI\librispeech\LibriSpeech\train-clean-100\1034\121119\1034-121119-0064.flac,replied villefort ah exclaimed the baroness without expressing the ideas which the exclamation betrayed villefort looked at her with that piercing glance which reads the secrets of the heart,100.0,96.52,1
E:\UMD\Data_641_PCS1\NLP_project\PronounceAI\librispeech\LibriSpeech\train-clean-100\1034\121119\1034-121119-0064.flac_aug,replied villefort ah exclaimed the baroness without expressing the ideas which the exclamation betrayed villefort looked at her with that piercing glance which reads the secrets of the heart,72.34,0.0,0
E:\UMD\Data_641_PCS1\NLP_project\PronounceAI\librispeech\LibriSpeech\train-clean-100\1034\121119\1034-121119-0065.flac,you refer to the terrible rumors spread abroad in the world that the deaths which have kept me in mourning for the last three months,100.0,83.7,1
E:\UMD\Data_641_PCS1\NLP_project\PronounceAI\librispeech\LibriSpeech\train-clean-100\1034\121119\1034-121119-0065.flac_aug,you refer to the terrible rumors spread abroad in the world that the deaths which have kept me in mourning for the last three months,71.43,0.5,0
E:\UMD\Data_641_PCS1\NLP_project\PronounceAI\librispeech\LibriSpeech\train-clean-100\1034\121119\1034-121119-0066.flac,have not happened by natural means i was not thinking of that replied madame danglars quickly yes you were thinking of it and with justice,100.0,93.87,1
E:\UMD\Data_641_PCS1\NLP_project\PronounceAI\librispeech\LibriSpeech\train-clean-100\1034\121119\1034-121119-0066.flac_aug,have not happened by natural means i was not thinking of that replied madame danglars quickly yes you were thinking of it and with justice,55.32,21.93,0
E:\UMD\Data_641_PCS1\NLP_project\PronounceAI\librispeech\LibriSpeech\train-clean-100\1034\121119\1034-121119-0067.flac,you who pursue crime so vindictively answer now,100.0,93.08,1
E:\UMD\Data_641_PCS1\NLP_project\PronounceAI\librispeech\LibriSpeech\train-clean-100\1034\121119\1034-121119-0067.flac_aug,you who pursue crime so vindictively answer now,87.5,7.23,0
E:\UMD\Data_641_PCS1\NLP_project\PronounceAI\librispeech\LibriSpeech\train-clean-100\1034\121119\1034-121119-0068.flac,the baroness became pale you were saying this were you not well i own it i will answer you,100.0,89.93,1
E:\UMD\Data_641_PCS1\NLP_project\PronounceAI\librispeech\LibriSpeech\train-clean-100\1034\121119\1034-121119-0068.flac_aug,the baroness became pale you were saying this were you not well i own it i will answer you,68.75,0.0,0
E:\UMD\Data_641_PCS1\NLP_project\PronounceAI\librispeech\LibriSpeech\train-clean-100\1034\121119\1034-121119-0069.flac,then resting both hands upon his desk he said in a voice more hollow than usual there are crimes which remain unpunished because the criminals are unknown,100.0,91.3,1
E:\UMD\Data_641_PCS1\NLP_project\PronounceAI\librispeech\LibriSpeech\train-clean-100\1034\121119\1034-121119-0069.flac_aug,then resting both hands upon his desk he said in a voice more hollow than usual there are crimes which remain unpunished because the criminals are unknown,32.0,0.5,0
E:\UMD\Data_641_PCS1\NLP_project\PronounceAI\librispeech\LibriSpeech\train-clean-100\1034\121119\1034-121119-0070.flac,villefort here extended his hand toward a large crucifix placed opposite to his desk when they are discovered i swear to you by all i hold most sacred,100.0,93.43,1
E:\UMD\Data_641_PCS1\NLP_project\PronounceAI\librispeech\LibriSpeech\train-clean-100\1034\121119\1034-121119-0070.flac_aug,villefort here extended his hand toward a large crucifix placed opposite to his desk when they are discovered i swear to you by all i hold most sacred,92.0,36.54,0
E:\UMD\Data_641_PCS1\NLP_project\PronounceAI\librispeech\LibriSpeech\train-clean-100\1034\121119\1034-121119-0071.flac,now after the oath i have just taken and which i will keep madame dare you ask for mercy for that wretch but sir are you sure he is as guilty as they say listen,100.0,96.33,1
E:\UMD\Data_641_PCS1\NLP_project\PronounceAI\librispeech\LibriSpeech\train-clean-100\1034\121119\1034-121119-0071.flac_aug,now after the oath i have just taken and which i will keep madame dare you ask for mercy for that wretch but sir are you sure he is as guilty as they say listen,91.8,0.0,0
E:\UMD\Data_641_PCS1\NLP_project\PronounceAI\librispeech\LibriSpeech\train-clean-100\1034\121119\1034-121119-0072.flac,this is his description benedetto condemned at the age of sixteen for five years to the galleys for forgery he promised well as you see first a runaway then an assassin,100.0,94.85,1
E:\UMD\Data_641_PCS1\NLP_project\PronounceAI\librispeech\LibriSpeech\train-clean-100\1034\121119\1034-121119-0072.flac_aug,this is his description benedetto condemned at the age of sixteen for five years to the galleys for forgery he promised well as you see first a runaway then an assassin,44.44,4.74,0
E:\UMD\Data_641_PCS1\NLP_project\PronounceAI\librispeech\LibriSpeech\train-clean-100\1034\121119\1034-121119-0073.flac,and who is this wretch who can tell a vagabond a corsican has no one owned him no one his parents are unknown,100.0,92.65,1
E:\UMD\Data_641_PCS1\NLP_project\PronounceAI\librispeech\LibriSpeech\train-clean-100\1034\121119\1034-121119-0073.flac_aug,and who is this wretch who can tell a vagabond a corsican has no one owned him no one his parents are unknown,61.9,0.0,0
E:\UMD\Data_641_PCS1\NLP_project\PronounceAI\librispeech\LibriSpeech\train-clean-100\1034\121119\1034-121119-0074.flac,but who was the man who brought him from lucca another rascal like himself perhaps his accomplice the baroness clasped her hands,97.56,80.13,1
E:\UMD\Data_641_PCS1\NLP_project\PronounceAI\librispeech\LibriSpeech\train-clean-100\1034\121119\1034-121119-0074.flac_aug,but who was the man who brought him from lucca another rascal like himself perhaps his accomplice the baroness clasped her hands,48.78,6.67,0
E:\UMD\Data_641_PCS1\NLP_project\PronounceAI\librispeech\LibriSpeech\train-clean-100\1034\121119\1034-121119-0075.flac,for heaven's sake madame said villefort with a firmness of expression not altogether free from harshness for heaven's sake,100.0,86.89,1
E:\UMD\Data_641_PCS1\NLP_project\PronounceAI\librispeech\LibriSpeech\train-clean-100\1034\121119\1034-121119-0075.flac_aug,for heaven's sake madame said villefort with a firmness of expression not altogether free from harshness for heaven's sake,27.59,4.08,0
E:\UMD\Data_641_PCS1\NLP_project\PronounceAI\librispeech\LibriSpeech\train-clean-100\1034\121119\1034-121119-0076.flac,what am i the law has the law any eyes to witness your grief,100.0,85.58,1
E:\UMD\Data_641_PCS1\NLP_project\PronounceAI\librispeech\LibriSpeech\train-clean-100\1034\121119\1034-121119-0076.flac_aug,what am i the law has the law any eyes to witness your grief,34.78,13.51,0
E:\UMD\Data_641_PCS1\NLP_project\PronounceAI\librispeech\LibriSpeech\train-clean-100\1034\121119\1034-121119-0077.flac,has the law a memory for all those soft recollections you endeavor to recall no madame,100.0,90.07,1
E:\UMD\Data_641_PCS1\NLP_project\PronounceAI\librispeech\LibriSpeech\train-clean-100\1034\121119\1034-121119-0077.flac_aug,has the law a memory for all those soft recollections you endeavor to recall no madame,87.5,24.31,0
E:\UMD\Data_641_PCS1\NLP_project\PronounceAI\librispeech\LibriSpeech\train-clean-100\1034\121119\1034-121119-0078.flac,and when it commands it strikes you will tell me that i am a living being and not a code a man and not a volume look at me madame,100.0,93.97,1
E:\UMD\Data_641_PCS1\NLP_project\PronounceAI\librispeech\LibriSpeech\train-clean-100\1034\121119\1034-121119-0078.flac_aug,and when it commands it strikes you will tell me that i am a living being and not a code a man and not a volume look at me madame,97.78,52.12,0
E:\UMD\Data_641_PCS1\NLP_project\PronounceAI\librispeech\LibriSpeech\train-clean-100\1034\121119\1034-121119-0079.flac,have mankind treated me as a brother have they loved me have they spared me has any one shown the mercy towards me that you now ask at my hands no madame they struck me always struck me,100.0,96.29,1
E:\UMD\Data_641_PCS1\NLP_project\PronounceAI\librispeech\LibriSpeech\train-clean-100\1034\121119\1034-121119-0079.flac_aug,have mankind treated me as a brother have they loved me have they spared me has any one shown the mercy towards me that you now ask at my hands no madame they struck me always struck me,82.14,86.09,0
E:\UMD\Data_641_PCS1\NLP_project\PronounceAI\librispeech\LibriSpeech\train-clean-100\1034\121119\1034-121119-0080.flac,woman siren that you are,100.0,89.52,1
E:\UMD\Data_641_PCS1\NLP_project\PronounceAI\librispeech\LibriSpeech\train-clean-100\1034\121119\1034-121119-0080.flac_aug,woman siren that you are,60.0,1.0,0
E:\UMD\Data_641_PCS1\NLP_project\PronounceAI\librispeech\LibriSpeech\train-clean-100\1034\121119\1034-121119-0081.flac,well be it so let me blush for the faults you know and perhaps perhaps for even more than those but having sinned myself it may be more deeply than others,100.0,97.13,1
E:\UMD\Data_641_PCS1\NLP_project\PronounceAI\librispeech\LibriSpeech\train-clean-100\1034\121119\1034-121119-0081.flac_aug,well be it so let me blush for the faults you know and perhaps perhaps for even more than those but having sinned myself it may be more deeply than others,66.67,26.42,0
E:\UMD\Data_641_PCS1\NLP_project\PronounceAI\librispeech\LibriSpeech\train-clean-100\1034\121119\1034-121119-0082.flac,i never rest till i have torn the disguises from my fellow creatures and found out their weaknesses i have always found them and more i repeat it with joy with triumph i have always found some proof of human perversity or error,100.0,95.97,1
E:\UMD\Data_641_PCS1\NLP_project\PronounceAI\librispeech\LibriSpeech\train-clean-100\1034\121119\1034-121119-0082.flac_aug,i never rest till i have torn the disguises from my fellow creatures and found out their weaknesses i have always found them and more i repeat it with joy with triumph i have always found some proof of human perversity or error,62.5,0.0,0
E:\UMD\Data_641_PCS1\NLP_project\PronounceAI\librispeech\LibriSpeech\train-clean-100\1034\121119\1034-121119-0083.flac,every criminal i condemn seems to me living evidence that i am not a hideous exception to the rest alas alas alas all the world is wicked let us therefore strike at wickedness,100.0,95.59,1
E:\UMD\Data_641_PCS1\NLP_project\PronounceAI\librispeech\LibriSpeech\train-clean-100\1034\121119\1034-121119-0083.flac_aug,every criminal i condemn seems to me living evidence that i am not a hideous exception to the rest alas alas alas all the world is wicked let us therefore strike at wickedness,50.0,0.5,0
E:\UMD\Data_641_PCS1\NLP_project\PronounceAI\librispeech\LibriSpeech\train-clean-100\1034\121119\1034-121119-0084.flac,with a feverish rage which gave a ferocious eloquence to his words,100.0,90.89,1
E:\UMD\Data_641_PCS1\NLP_project\PronounceAI\librispeech\LibriSpeech\train-clean-100\1034\121119\1034-121119-0084.flac_aug,with a feverish rage which gave a ferocious eloquence to his words,0.0,0.25,0
E:\UMD\Data_641_PCS1\NLP_project\PronounceAI\librispeech\LibriSpeech\train-clean-100\1034\121119\1034-121119-0085.flac,this young man though a murderer is an orphan abandoned by everybody so much the worse or rather so much the better,100.0,95.64,1
E:\UMD\Data_641_PCS1\NLP_project\PronounceAI\librispeech\LibriSpeech\train-clean-100\1034\121119\1034-121119-0085.flac_aug,this young man though a murderer is an orphan abandoned by everybody so much the worse or rather so much the better,83.33,80.07,0
E:\UMD\Data_641_PCS1\NLP_project\PronounceAI\librispeech\LibriSpeech\train-clean-100\1034\121119\1034-121119-0086.flac,but this is trampling on the weak sir the weakness of a murderer his dishonor reflects upon us,100.0,91.58,1
E:\UMD\Data_641_PCS1\NLP_project\PronounceAI\librispeech\LibriSpeech\train-clean-100\1034\121119\1034-121119-0086.flac_aug,but this is trampling on the weak sir the weakness of a murderer his dishonor reflects upon us,38.89,0.0,0
E:\UMD\Data_641_PCS1\NLP_project\PronounceAI\librispeech\LibriSpeech\train-clean-100\1034\121119\1034-121119-0087.flac,oh sir exclaimed the baroness you are without pity for others well then i tell you they will have no mercy on you be it so said villefort raising his arms to heaven at least,96.97,95.68,1
E:\UMD\Data_641_PCS1\NLP_project\PronounceAI\librispeech\LibriSpeech\train-clean-100\1034\121119\1034-121119-0087.flac_aug,oh sir exclaimed the baroness you are without pity for others well then i tell you they will have no mercy on you be it so said villefort raising his arms to heaven at least,70.97,25.15,0
E:\UMD\Data_641_PCS1\NLP_project\PronounceAI\librispeech\LibriSpeech\train-clean-100\1034\121119\1034-121119-0088.flac,delay the trial till the next assizes,100.0,89.73,1
E:\UMD\Data_641_PCS1\NLP_project\PronounceAI\librispeech\LibriSpeech\train-clean-100\1034\121119\1034-121119-0088.flac_aug,delay the trial till the next assizes,50.0,69.51,0
E:\UMD\Data_641_PCS1\NLP_project\PronounceAI\librispeech\LibriSpeech\train-clean-100\1034\121119\1034-121119-0089.flac,no madame said villefort instructions have been given,100.0,84.54,1
E:\UMD\Data_641_PCS1\NLP_project\PronounceAI\librispeech\LibriSpeech\train-clean-100\1034\121119\1034-121119-0089.flac_aug,no madame said villefort instructions have been given,33.33,8.46,0
E:\UMD\Data_641_PCS1\NLP_project\PronounceAI\librispeech\LibriSpeech\train-clean-100\1034\121119\1034-121119-0090.flac,five days are more than i require,100.0,91.35,1
E:\UMD\Data_641_PCS1\NLP_project\PronounceAI\librispeech\LibriSpeech\train-clean-100\1034\121119\1034-121119-0090.flac_aug,five days are more than i require,50.0,13.64,0
E:\UMD\Data_641_PCS1\NLP_project\PronounceAI\librispeech\LibriSpeech\train-clean-100\1034\121119\1034-121119-0091.flac,i sometimes lose all recollection of the past and then i experience the same sort of happiness i can imagine the dead feel still it is better than suffering but sir he has fled let him escape inaction is a pardonable offence,100.0,95.62,1
E:\UMD\Data_641_PCS1\NLP_project\PronounceAI\librispeech\LibriSpeech\train-clean-100\1034\121119\1034-121119-0091.flac_aug,i sometimes lose all recollection of the past and then i experience the same sort of happiness i can imagine the dead feel still it is better than suffering but sir he has fled let him escape inaction is a pardonable offence,52.17,6.9,0
E:\UMD\Data_641_PCS1\NLP_project\PronounceAI\librispeech\LibriSpeech\train-clean-100\1034\121119\1034-121119-0092.flac,i tell you it is too late early this morning the telegraph was employed and at this very minute,100.0,93.87,1
E:\UMD\Data_641_PCS1\NLP_project\PronounceAI\librispeech\LibriSpeech\train-clean-100\1034\121119\1034-121119-0092.flac_aug,i tell you it is too late early this morning the telegraph was employed and at this very minute,83.33,0.25,0
E:\UMD\Data_641_PCS1\NLP_project\PronounceAI\librispeech\LibriSpeech\train-clean-100\1034\121119\1034-121119-0093.flac,a dragoon has brought this despatch from the minister of the interior,100.0,88.48,1
E:\UMD\Data_641_PCS1\NLP_project\PronounceAI\librispeech\LibriSpeech\train-clean-100\1034\121119\1034-121119-0093.flac_aug,a dragoon has brought this despatch from the minister of the interior,36.36,9.47,0
E:\UMD\Data_641_PCS1\NLP_project\PronounceAI\librispeech\LibriSpeech\train-clean-100\1034\121119\1034-121119-0094.flac,madame danglars trembled with fear villefort started with joy arrested he exclaimed he was taken at compiegne and all is over,100.0,94.36,1
E:\UMD\Data_641_PCS1\NLP_project\PronounceAI\librispeech\LibriSpeech\train-clean-100\1034\121119\1034-121119-0094.flac_aug,madame danglars trembled with fear villefort started with joy arrested he exclaimed he was taken at compiegne and all is over,20.0,8.9,0
E:\UMD\Data_641_PCS1\NLP_project\PronounceAI\librispeech\LibriSpeech\train-clean-100\1034\121119\1034-121119-0095.flac,pale and cold adieu sir she said adieu madame replied the king's attorney as in an almost joyful manner he conducted her to the door,100.0,91.13,1
E:\UMD\Data_641_PCS1\NLP_project\PronounceAI\librispeech\LibriSpeech\train-clean-100\1034\121119\1034-121119-0095.flac_aug,pale and cold adieu sir she said adieu madame replied the king's attorney as in an almost joyful manner he conducted her to the door,69.57,0.0,0
E:\UMD\Data_641_PCS1\NLP_project\PronounceAI\librispeech\LibriSpeech\train-clean-100\1040\133433\1040-133433-0000.flac,chapter seventeen when wendy grew up i hope you want to know what became of the other boys they were waiting below to give wendy time to explain about them and when they had counted five hundred they went up,100.0,90.47,1
E:\UMD\Data_641_PCS1\NLP_project\PronounceAI\librispeech\LibriSpeech\train-clean-100\1040\133433\1040-133433-0000.flac_aug,chapter seventeen when wendy grew up i hope you want to know what became of the other boys they were waiting below to give wendy time to explain about them and when they had counted five hundred they went up,62.69,18.48,0
E:\UMD\Data_641_PCS1\NLP_project\PronounceAI\librispeech\LibriSpeech\train-clean-100\1040\133433\1040-133433-0001.flac,they went up by the stair because they thought this would make a better impression they stood in a row in front of missus darling with their hats off and wishing they were not wearing their pirate clothes they said nothing but their eyes asked her to have them,100.0,91.84,1
E:\UMD\Data_641_PCS1\NLP_project\PronounceAI\librispeech\LibriSpeech\train-clean-100\1040\133433\1040-133433-0001.flac_aug,they went up by the stair because they thought this would make a better impression they stood in a row in front of missus darling with their hats off and wishing they were not wearing their pirate clothes they said nothing but their eyes asked her to have them,87.8,5.97,0
E:\UMD\Data_641_PCS1\NLP_project\PronounceAI\librispeech\LibriSpeech\train-clean-100\1040\133433\1040-133433-0002.flac,but they forgot about him of course missus darling said at once that she would have them but mister darling was curiously depressed and they saw that he considered six a rather large number i must say he said to wendy,100.0,94.12,1
E:\UMD\Data_641_PCS1\NLP_project\PronounceAI\librispeech\LibriSpeech\train-clean-100\1040\133433\1040-133433-0002.flac_aug,but they forgot about him of course missus darling said at once that she would have them but mister darling was curiously depressed and they saw that he considered six a rather large number i must say he said to wendy,50.7,5.5,0
E:\UMD\Data_641_PCS1\NLP_project\PronounceAI\librispeech\LibriSpeech\train-clean-100\1040\133433\1040-133433-0003.flac,that you don't do things by halves a grudging remark which the twins thought was pointed at them the first twin was the proud one and he asked flushing do you think we should be too much of a handful sir because if so we can go away,100.0,95.44,1
E:\UMD\Data_641_PCS1\NLP_project\PronounceAI\librispeech\LibriSpeech\train-clean-100\1040\133433\1040-133433-0003.flac_aug,that you don't do things by halves a grudging remark which the twins thought was pointed at them the first twin was the proud one and he asked flushing do you think we should be too much of a handful sir because if so we can go away,78.48,31.67,0
E:\UMD\Data_641_PCS1\NLP_project\PronounceAI\librispeech\LibriSpeech\train-clean-100\1040\133433\1040-133433-0004.flac,father wendy cried shocked but still the cloud was on him he knew he was behaving unworthily but he could not help it we could lie doubled up said nibs i always cut their hair myself said wendy,100.0,94.81,1
E:\UMD\Data_641_PCS1\NLP_project\PronounceAI\librispeech\LibriSpeech\train-clean-100\1040\133433\1040-133433-0004.flac_aug,father wendy cried shocked but still the cloud was on him he knew he was behaving unworthily but he could not help it we could lie doubled up said nibs i always cut their hair myself said wendy,49.23,15.45,0
E:\UMD\Data_641_PCS1\NLP_project\PronounceAI\librispeech\LibriSpeech\train-clean-100\1040\133433\1040-133433-0005.flac,george missus darling exclaimed pained to see her dear one showing himself in such an unfavourable light then he burst into tears and the truth came out he was as glad to have them as she was he said,100.0,96.59,1
E:\UMD\Data_641_PCS1\NLP_project\PronounceAI\librispeech\LibriSpeech\train-clean-100\1040\133433\1040-133433-0005.flac_aug,george missus darling exclaimed pained to see her dear one showing himself in such an unfavourable light then he burst into tears and the truth came out he was as glad to have them as she was he said,64.71,5.77,0
E:\UMD\Data_641_PCS1\NLP_project\PronounceAI\librispeech\LibriSpeech\train-clean-100\1040\133433\1040-133433-0006.flac,but he thought they should have asked his consent as well as hers,100.0,93.1,1
E:\UMD\Data_641_PCS1\NLP_project\PronounceAI\librispeech\LibriSpeech\train-clean-100\1040\133433\1040-133433-0006.flac_aug,but he thought they should have asked his consent as well as hers,0.0,0.0,0
E:\UMD\Data_641_PCS1\NLP_project\PronounceAI\librispeech\LibriSpeech\train-clean-100\1040\133433\1040-133433-0007.flac,i don't think he is a cypher tootles cried instantly do you think he is a cypher curly no i don't do you think he is a cypher slightly rather not twin what do you think,100.0,90.47,1
E:\UMD\Data_641_PCS1\NLP_project\PronounceAI\librispeech\LibriSpeech\train-clean-100\1040\133433\1040-133433-0007.flac_aug,i don't think he is a cypher tootles cried instantly do you think he is a cypher curly no i don't do you think he is a cypher slightly rather not twin what do you think,87.18,27.94,0
E:\UMD\Data_641_PCS1\NLP_project\PronounceAI\librispeech\LibriSpeech\train-clean-100\1040\133433\1040-133433-0008.flac,it turned out that not one of them thought him a cypher and he was absurdly gratified and said he would find space for them all in the drawing room if they fitted in we'll fit in sir they assured him then follow the leader he cried gaily,97.44,93.24,1
E:\UMD\Data_641_PCS1\NLP_project\PronounceAI\librispeech\LibriSpeech\train-clean-100\1040\133433\1040-133433-0008.flac_aug,it turned out that not one of them thought him a cypher and he was absurdly gratified and said he would find space for them all in the drawing room if they fitted in we'll fit in sir they assured him then follow the leader he cried gaily,65.75,9.71,0
E:\UMD\Data_641_PCS1\NLP_project\PronounceAI\librispeech\LibriSpeech\train-clean-100\1040\133433\1040-133433-0009.flac,mind you i am not sure that we have a drawing room but we pretend we have and it's all the same hoop la he went off dancing through the house and they all cried hoop la and danced after him searching for the drawing room and i forget whether they found it,100.0,89.84,1
E:\UMD\Data_641_PCS1\NLP_project\PronounceAI\librispeech\LibriSpeech\train-clean-100\1040\133433\1040-133433-0009.flac_aug,mind you i am not sure that we have a drawing room but we pretend we have and it's all the same hoop la he went off dancing through the house and they all cried hoop la and danced after him searching for the drawing room and i forget whether they found it,24.14,2.25,0
E:\UMD\Data_641_PCS1\NLP_project\PronounceAI\librispeech\LibriSpeech\train-clean-100\1040\133433\1040-133433-0010.flac,but at any rate they found corners and they all fitted in as for peter he saw wendy once again before he flew away he did not exactly come to the window but he brushed against it in passing so that she could open it if she liked and call to him,100.0,92.99,1
E:\UMD\Data_641_PCS1\NLP_project\PronounceAI\librispeech\LibriSpeech\train-clean-100\1040\133433\1040-133433-0010.flac_aug,but at any rate they found corners and they all fitted in as for peter he saw wendy once again before he flew away he did not exactly come to the window but he brushed against it in passing so that she could open it if she liked and call to him,75.0,6.28,0
E:\UMD\Data_641_PCS1\NLP_project\PronounceAI\librispeech\LibriSpeech\train-clean-100\1040\133433\1040-133433-0011.flac,that is what she did hullo wendy good bye he said oh dear are you going away yes you don't feel peter she said falteringly,100.0,89.19,1
E:\UMD\Data_641_PCS1\NLP_project\PronounceAI\librispeech\LibriSpeech\train-clean-100\1040\133433\1040-133433-0011.flac_aug,that is what she did hullo wendy good bye he said oh dear are you going away yes you don't feel peter she said falteringly,68.18,74.89,0
E:\UMD\Data_641_PCS1\NLP_project\PronounceAI\librispeech\LibriSpeech\train-clean-100\1040\133433\1040-133433-0012.flac,that you would like to say anything to my parents about a very sweet subject no about me peter no missus darling came to the window,100.0,89.21,1
E:\UMD\Data_641_PCS1\NLP_project\PronounceAI\librispeech\LibriSpeech\train-clean-100\1040\133433\1040-133433-0012.flac_aug,that you would like to say anything to my parents about a very sweet subject no about me peter no missus darling came to the window,81.82,49.71,0
E:\UMD\Data_641_PCS1\NLP_project\PronounceAI\librispeech\LibriSpeech\train-clean-100\1040\133433\1040-133433-0013.flac,would you send me to school he inquired craftily yes and then to an office i suppose so,100.0,90.36,1
E:\UMD\Data_641_PCS1\NLP_project\PronounceAI\librispeech\LibriSpeech\train-clean-100\1040\133433\1040-133433-0013.flac_aug,would you send me to school he inquired craftily yes and then to an office i suppose so,23.53,0.0,0
E:\UMD\Data_641_PCS1\NLP_project\PronounceAI\librispeech\LibriSpeech\train-clean-100\1040\133433\1040-133433-0014.flac,very soon i don't want to go to school and learn solemn things he told her passionately i don't want to be a man o wendy's mother if i was to wake up and feel there was a beard peter said wendy the comforter i should love you in a beard,97.37,94.26,1
E:\UMD\Data_641_PCS1\NLP_project\PronounceAI\librispeech\LibriSpeech\train-clean-100\1040\133433\1040-133433-0014.flac_aug,very soon i don't want to go to school and learn solemn things he told her passionately i don't want to be a man o wendy's mother if i was to wake up and feel there was a beard peter said wendy the comforter i should love you in a beard,28.95,6.47,0
E:\UMD\Data_641_PCS1\NLP_project\PronounceAI\librispeech\LibriSpeech\train-clean-100\1040\133433\1040-133433-0015.flac,and missus darling stretched out her arms to him but he repulsed her keep back lady,100.0,93.46,1
E:\UMD\Data_641_PCS1\NLP_project\PronounceAI\librispeech\LibriSpeech\train-clean-100\1040\133433\1040-133433-0015.flac_aug,and missus darling stretched out her arms to him but he repulsed her keep back lady,33.33,0.0,0
E:\UMD\Data_641_PCS1\NLP_project\PronounceAI\librispeech\LibriSpeech\train-clean-100\1040\133433\1040-133433-0016.flac,but where are you going to live with tink in the house we built for wendy the fairies are to put it high up among the tree tops where they sleep at nights how lovely cried wendy so longingly that missus darling tightened her grip i thought all the fairies were dead missus darling said,100.0,33.95,1
E:\UMD\Data_641_PCS1\NLP_project\PronounceAI\librispeech\LibriSpeech\train-clean-100\1040\133433\1040-133433-0016.flac_aug,but where are you going to live with tink in the house we built for wendy the fairies are to put it high up among the tree tops where they sleep at nights how lovely cried wendy so longingly that missus darling tightened her grip i thought all the fairies were dead missus darling said,6.35,0.25,0
E:\UMD\Data_641_PCS1\NLP_project\PronounceAI\librispeech\LibriSpeech\train-clean-100\1040\133433\1040-133433-0017.flac,because you see when a new baby laughs for the first time a new fairy is born and as there are always new babies there are always new fairies they live in nests on the tops of trees and the mauve ones are boys and the white ones are girls and the blue ones are just little sillies who are not sure what they are,100.0,89.22,1
E:\UMD\Data_641_PCS1\NLP_project\PronounceAI\librispeech\LibriSpeech\train-clean-100\1040\133433\1040-133433-0017.flac_aug,because you see when a new baby laughs for the first time a new fairy is born and as there are always new babies there are always new fairies they live in nests on the tops of trees and the mauve ones are boys and the white ones are girls and the blue ones are just little sillies who are not sure what they are,25.97,0.25,0
E:\UMD\Data_641_PCS1\NLP_project\PronounceAI\librispeech\LibriSpeech\train-clean-100\1040\133433\1040-133433-0018.flac,i shall have tink tink can't go a twentieth part of the way round she reminded him a little tartly,94.44,29.01,1
E:\UMD\Data_641_PCS1\NLP_project\PronounceAI\librispeech\LibriSpeech\train-clean-100\1040\133433\1040-133433-0018.flac_aug,i shall have tink tink can't go a twentieth part of the way round she reminded him a little tartly,24.24,14.0,0
E:\UMD\Data_641_PCS1\NLP_project\PronounceAI\librispeech\LibriSpeech\train-clean-100\1040\133433\1040-133433-0019.flac,tink called out from somewhere round the corner it doesn't matter peter said o peter you know it matters,100.0,97.37,1
E:\UMD\Data_641_PCS1\NLP_project\PronounceAI\librispeech\LibriSpeech\train-clean-100\1040\133433\1040-133433-0019.flac_aug,tink called out from somewhere round the corner it doesn't matter peter said o peter you know it matters,18.18,9.23,0
E:\UMD\Data_641_PCS1\NLP_project\PronounceAI\librispeech\LibriSpeech\train-clean-100\1040\133433\1040-133433-0020.flac,may i mummy certainly not i have got you home again and i mean to keep you but he does so need a mother so do you my love oh all right peter said as if he had asked her from politeness merely,100.0,92.76,1
E:\UMD\Data_641_PCS1\NLP_project\PronounceAI\librispeech\LibriSpeech\train-clean-100\1040\133433\1040-133433-0020.flac_aug,may i mummy certainly not i have got you home again and i mean to keep you but he does so need a mother so do you my love oh all right peter said as if he had asked her from politeness merely,38.81,3.7,0
E:\UMD\Data_641_PCS1\NLP_project\PronounceAI\librispeech\LibriSpeech\train-clean-100\1040\133433\1040-133433-0021.flac,long in coming but this promise sent peter away quite gay again,100.0,94.81,1
E:\UMD\Data_641_PCS1\NLP_project\PronounceAI\librispeech\LibriSpeech\train-clean-100\1040\133433\1040-133433-0021.flac_aug,long in coming but this promise sent peter away quite gay again,18.18,15.14,0
E:\UMD\Data_641_PCS1\NLP_project\PronounceAI\librispeech\LibriSpeech\train-clean-100\1040\133433\1040-133433-0022.flac,i suppose it was because wendy knew this that her last words to him were these rather plaintive ones you won't forget me peter will you before spring cleaning time comes of course peter promised and then he flew away he took missus darling's kiss with him,100.0,93.37,1
E:\UMD\Data_641_PCS1\NLP_project\PronounceAI\librispeech\LibriSpeech\train-clean-100\1040\133433\1040-133433-0022.flac_aug,i suppose it was because wendy knew this that her last words to him were these rather plaintive ones you won't forget me peter will you before spring cleaning time comes of course peter promised and then he flew away he took missus darling's kiss with him,31.58,0.75,0
E:\UMD\Data_641_PCS1\NLP_project\PronounceAI\librispeech\LibriSpeech\train-clean-100\1040\133433\1040-133433-0023.flac,the kiss that had been for no one else peter took quite easily funny but she seemed satisfied of course all the boys went to school,100.0,96.0,1
E:\UMD\Data_641_PCS1\NLP_project\PronounceAI\librispeech\LibriSpeech\train-clean-100\1040\133433\1040-133433-0023.flac_aug,the kiss that had been for no one else peter took quite easily funny but she seemed satisfied of course all the boys went to school,4.55,0.25,0
E:\UMD\Data_641_PCS1\NLP_project\PronounceAI\librispeech\LibriSpeech\train-clean-100\1040\133433\1040-133433-0024.flac,but it was too late now and soon they settled down to being as ordinary as you or me or jenkins minor,100.0,91.98,1
E:\UMD\Data_641_PCS1\NLP_project\PronounceAI\librispeech\LibriSpeech\train-clean-100\1040\133433\1040-133433-0024.flac_aug,but it was too late now and soon they settled down to being as ordinary as you or me or jenkins minor,18.18,9.92,0
E:\UMD\Data_641_PCS1\NLP_project\PronounceAI\librispeech\LibriSpeech\train-clean-100\1040\133433\1040-133433-0025.flac,in time they could not even fly after their hats want of practice they called it but what it really meant was that they no longer believed michael believed longer than the other boys,100.0,89.33,1
E:\UMD\Data_641_PCS1\NLP_project\PronounceAI\librispeech\LibriSpeech\train-clean-100\1040\133433\1040-133433-0025.flac_aug,in time they could not even fly after their hats want of practice they called it but what it really meant was that they no longer believed michael believed longer than the other boys,42.86,25.57,0
E:\UMD\Data_641_PCS1\NLP_project\PronounceAI\librispeech\LibriSpeech\train-clean-100\1040\133433\1040-133433-0026.flac,though they jeered at him so he was with wendy when peter came for her at the end of the first year she flew away with peter in the frock she had woven from leaves and berries in the neverland and her one fear was that he might notice how short it had become but he never noticed he had so much to say about himself,100.0,93.07,1
E:\UMD\Data_641_PCS1\NLP_project\PronounceAI\librispeech\LibriSpeech\train-clean-100\1040\133433\1040-133433-0026.flac_aug,though they jeered at him so he was with wendy when peter came for her at the end of the first year she flew away with peter in the frock she had woven from leaves and berries in the neverland and her one fear was that he might notice how short it had become but he never noticed he had so much to say about himself,33.71,1.99,0
E:\UMD\Data_641_PCS1\NLP_project\PronounceAI\librispeech\LibriSpeech\train-clean-100\1040\133433\1040-133433-0027.flac,she had looked forward to thrilling talks with him about old times but new adventures had crowded the old ones from his mind who is captain hook,98.04,94.19,1
E:\UMD\Data_641_PCS1\NLP_project\PronounceAI\librispeech\LibriSpeech\train-clean-100\1040\133433\1040-133433-0027.flac_aug,she had looked forward to thrilling talks with him about old times but new adventures had crowded the old ones from his mind who is captain hook,12.77,0.25,0
E:\UMD\Data_641_PCS1\NLP_project\PronounceAI\librispeech\LibriSpeech\train-clean-100\1040\133433\1040-133433-0028.flac,when she spoke of the arch enemy don't you remember she asked amazed how you killed him and saved all our lives i forget them after i kill them he replied carelessly when she expressed a doubtful hope that tinker bell would be glad to see her he said,100.0,92.77,1
E:\UMD\Data_641_PCS1\NLP_project\PronounceAI\librispeech\LibriSpeech\train-clean-100\1040\133433\1040-133433-0028.flac_aug,when she spoke of the arch enemy don't you remember she asked amazed how you killed him and saved all our lives i forget them after i kill them he replied carelessly when she expressed a doubtful hope that tinker bell would be glad to see her he said,33.33,0.25,0
E:\UMD\Data_641_PCS1\NLP_project\PronounceAI\librispeech\LibriSpeech\train-clean-100\1040\133433\1040-133433-0029.flac,who is tinker bell o peter she said shocked but even when she explained he could not remember there are such a lot of them he said i expect she is no more i expect he was right for fairies don't live long,100.0,94.69,1
E:\UMD\Data_641_PCS1\NLP_project\PronounceAI\librispeech\LibriSpeech\train-clean-100\1040\133433\1040-133433-0029.flac_aug,who is tinker bell o peter she said shocked but even when she explained he could not remember there are such a lot of them he said i expect she is no more i expect he was right for fairies don't live long,63.64,20.02,0
E:\UMD\Data_641_PCS1\NLP_project\PronounceAI\librispeech\LibriSpeech\train-clean-100\1040\133433\1040-133433-0030.flac,but they are so little that a short time seems a good while to them wendy was pained too to find that the past year was but as yesterday to peter,100.0,93.04,1
E:\UMD\Data_641_PCS1\NLP_project\PronounceAI\librispeech\LibriSpeech\train-clean-100\1040\133433\1040-133433-0030.flac_aug,but they are so little that a short time seems a good while to them wendy was pained too to find that the past year was but as yesterday to peter,47.83,0.0,0
E:\UMD\Data_641_PCS1\NLP_project\PronounceAI\librispeech\LibriSpeech\train-clean-100\1040\133433\1040-133433-0031.flac,but he was exactly as fascinating as ever and they had a lovely spring cleaning in the little house on the tree tops next year he did not come for her she waited in a new frock because the old one simply would not meet but he never came,100.0,91.99,1
E:\UMD\Data_641_PCS1\NLP_project\PronounceAI\librispeech\LibriSpeech\train-clean-100\1040\133433\1040-133433-0031.flac_aug,but he was exactly as fascinating as ever and they had a lovely spring cleaning in the little house on the tree tops next year he did not come for her she waited in a new frock because the old one simply would not meet but he never came,25.4,0.5,0
E:\UMD\Data_641_PCS1\NLP_project\PronounceAI\librispeech\LibriSpeech\train-clean-100\1040\133433\1040-133433-0032.flac,perhaps he is ill michael said you know he is never ill michael came close to her and whispered with a shiver perhaps there is no such person wendy and then wendy would have cried if michael had not been crying,100.0,89.85,1
E:\UMD\Data_641_PCS1\NLP_project\PronounceAI\librispeech\LibriSpeech\train-clean-100\1040\133433\1040-133433-0032.flac_aug,perhaps he is ill michael said you know he is never ill michael came close to her and whispered with a shiver perhaps there is no such person wendy and then wendy would have cried if michael had not been crying,21.05,0.0,0
E:\UMD\Data_641_PCS1\NLP_project\PronounceAI\librispeech\LibriSpeech\train-clean-100\1040\133433\1040-133433-0033.flac,peter came next spring cleaning and the strange thing was that he never knew he had missed a year that was the last time the girl wendy ever saw him for a little longer she tried for his sake not to have growing pains,100.0,96.18,1
E:\UMD\Data_641_PCS1\NLP_project\PronounceAI\librispeech\LibriSpeech\train-clean-100\1040\133433\1040-133433-0033.flac_aug,peter came next spring cleaning and the strange thing was that he never knew he had missed a year that was the last time the girl wendy ever saw him for a little longer she tried for his sake not to have growing pains,59.15,0.0,0
E:\UMD\Data_641_PCS1\NLP_project\PronounceAI\librispeech\LibriSpeech\train-clean-100\1040\133433\1040-133433-0034.flac,and she felt she was untrue to him when she got a prize for general knowledge but the years came and went without bringing the careless boy and when they met again wendy was a married woman and peter was no more to her,100.0,94.59,1
E:\UMD\Data_641_PCS1\NLP_project\PronounceAI\librispeech\LibriSpeech\train-clean-100\1040\133433\1040-133433-0034.flac_aug,and she felt she was untrue to him when she got a prize for general knowledge but the years came and went without bringing the careless boy and when they met again wendy was a married woman and peter was no more to her,36.07,0.25,0
E:\UMD\Data_641_PCS1\NLP_project\PronounceAI\librispeech\LibriSpeech\train-clean-100\1040\133433\1040-133433-0035.flac,than a little dust in the box in which she had kept her toys wendy was grown up you need not be sorry for her she was one of the kind that likes to grow up in the end she grew up of her own free will a day quicker than other girls,98.73,94.23,1
E:\UMD\Data_641_PCS1\NLP_project\PronounceAI\librispeech\LibriSpeech\train-clean-100\1040\133433\1040-133433-0035.flac_aug,than a little dust in the box in which she had kept her toys wendy was grown up you need not be sorry for her she was one of the kind that likes to grow up in the end she grew up of her own free will a day quicker than other girls,41.67,16.72,0
E:\UMD\Data_641_PCS1\NLP_project\PronounceAI\librispeech\LibriSpeech\train-clean-100\1040\133433\1040-133433-0036.flac,all the boys were grown up and done for by this time so it is scarcely worth while saying anything more about them you may see the twins and nibs and curly any day going to an office each carrying a little bag and an umbrella,100.0,95.23,1
E:\UMD\Data_641_PCS1\NLP_project\PronounceAI\librispeech\LibriSpeech\train-clean-100\1040\133433\1040-133433-0036.flac_aug,all the boys were grown up and done for by this time so it is scarcely worth while saying anything more about them you may see the twins and nibs and curly any day going to an office each carrying a little bag and an umbrella,47.5,0.0,0
E:\UMD\Data_641_PCS1\NLP_project\PronounceAI\librispeech\LibriSpeech\train-clean-100\1040\133433\1040-133433-0037.flac,you see that judge in a wig coming out at the iron door that used to be tootles the bearded man who doesn't know any story to tell his children,100.0,94.92,1
E:\UMD\Data_641_PCS1\NLP_project\PronounceAI\librispeech\LibriSpeech\train-clean-100\1040\133433\1040-133433-0037.flac_aug,you see that judge in a wig coming out at the iron door that used to be tootles the bearded man who doesn't know any story to tell his children,83.64,40.04,0
E:\UMD\Data_641_PCS1\NLP_project\PronounceAI\librispeech\LibriSpeech\train-clean-100\1040\133433\1040-133433-0038.flac,and always had an odd inquiring look,100.0,88.57,1
E:\UMD\Data_641_PCS1\NLP_project\PronounceAI\librispeech\LibriSpeech\train-clean-100\1040\133433\1040-133433-0038.flac_aug,and always had an odd inquiring look,13.33,7.52,0
E:\UMD\Data_641_PCS1\NLP_project\PronounceAI\librispeech\LibriSpeech\train-clean-100\1040\133433\1040-133433-0039.flac,when she was old enough to ask them they were mostly about peter pan she loved to hear of peter and wendy told her all she could remember in the very nursery from which the famous flight had taken place,100.0,95.41,1
E:\UMD\Data_641_PCS1\NLP_project\PronounceAI\librispeech\LibriSpeech\train-clean-100\1040\133433\1040-133433-0039.flac_aug,when she was old enough to ask them they were mostly about peter pan she loved to hear of peter and wendy told her all she could remember in the very nursery from which the famous flight had taken place,57.14,0.0,0
E:\UMD\Data_641_PCS1\NLP_project\PronounceAI\librispeech\LibriSpeech\train-clean-100\1040\133433\1040-133433-0040.flac,who was no longer fond of stairs missus darling was now dead and forgotten there were only two beds in the nursery now jane's and her nurse's and there was no kennel for nana also had passed away,100.0,94.55,1
E:\UMD\Data_641_PCS1\NLP_project\PronounceAI\librispeech\LibriSpeech\train-clean-100\1040\133433\1040-133433-0040.flac_aug,who was no longer fond of stairs missus darling was now dead and forgotten there were only two beds in the nursery now jane's and her nurse's and there was no kennel for nana also had passed away,26.42,0.5,0
E:\UMD\Data_641_PCS1\NLP_project\PronounceAI\librispeech\LibriSpeech\train-clean-100\1040\133433\1040-133433-0041.flac,she died of old age and at the end she had been rather difficult to get on with being very firmly convinced that no one knew how to look after children except herself once a week jane's nurse had her evening off,100.0,96.7,1
E:\UMD\Data_641_PCS1\NLP_project\PronounceAI\librispeech\LibriSpeech\train-clean-100\1040\133433\1040-133433-0041.flac_aug,she died of old age and at the end she had been rather difficult to get on with being very firmly convinced that no one knew how to look after children except herself once a week jane's nurse had her evening off,89.47,81.11,0
E:\UMD\Data_641_PCS1\NLP_project\PronounceAI\librispeech\LibriSpeech\train-clean-100\1040\133433\1040-133433-0042.flac,and then it was wendy's part to put jane to bed that was the time for stories it was jane's invention to raise the sheet over her mother's head and her own thus making a tent,100.0,96.65,1
E:\UMD\Data_641_PCS1\NLP_project\PronounceAI\librispeech\LibriSpeech\train-clean-100\1040\133433\1040-133433-0042.flac_aug,and then it was wendy's part to put jane to bed that was the time for stories it was jane's invention to raise the sheet over her mother's head and her own thus making a tent,62.96,14.81,0
E:\UMD\Data_641_PCS1\NLP_project\PronounceAI\librispeech\LibriSpeech\train-clean-100\1040\133433\1040-133433-0043.flac,i don't think i see anything to night says wendy with a feeling that if nana were here she would object to further conversation yes you do says jane,96.15,90.12,1
E:\UMD\Data_641_PCS1\NLP_project\PronounceAI\librispeech\LibriSpeech\train-clean-100\1040\133433\1040-133433-0043.flac_aug,i don't think i see anything to night says wendy with a feeling that if nana were here she would object to further conversation yes you do says jane,28.0,0.0,0
E:\UMD\Data_641_PCS1\NLP_project\PronounceAI\librispeech\LibriSpeech\train-clean-100\1040\133433\1040-133433-0044.flac,that is a long time ago sweetheart says wendy ah me how time flies does it fly asks the artful child the way you flew when you were a little girl,100.0,93.8,1
E:\UMD\Data_641_PCS1\NLP_project\PronounceAI\librispeech\LibriSpeech\train-clean-100\1040\133433\1040-133433-0044.flac_aug,that is a long time ago sweetheart says wendy ah me how time flies does it fly asks the artful child the way you flew when you were a little girl,54.9,14.94,0
E:\UMD\Data_641_PCS1\NLP_project\PronounceAI\librispeech\LibriSpeech\train-clean-100\1040\133433\1040-133433-0045.flac,why can't you fly now mother because i am grown up dearest when people grow up they forget the way why do they forget the way because they are no longer gay and innocent and heartless,100.0,93.83,1
E:\UMD\Data_641_PCS1\NLP_project\PronounceAI\librispeech\LibriSpeech\train-clean-100\1040\133433\1040-133433-0045.flac_aug,why can't you fly now mother because i am grown up dearest when people grow up they forget the way why do they forget the way because they are no longer gay and innocent and heartless,85.19,60.35,0
E:\UMD\Data_641_PCS1\NLP_project\PronounceAI\librispeech\LibriSpeech\train-clean-100\1040\133433\1040-133433-0046.flac,it is only the gay and innocent and heartless who can fly what is gay and innocent and heartless,100.0,93.87,1
E:\UMD\Data_641_PCS1\NLP_project\PronounceAI\librispeech\LibriSpeech\train-clean-100\1040\133433\1040-133433-0046.flac_aug,it is only the gay and innocent and heartless who can fly what is gay and innocent and heartless,28.57,16.43,0
E:\UMD\Data_641_PCS1\NLP_project\PronounceAI\librispeech\LibriSpeech\train-clean-100\1040\133433\1040-133433-0047.flac,or perhaps wendy admits she does see something i do believe she says that it is this nursery i do believe it is says jane go on,100.0,92.5,1
E:\UMD\Data_641_PCS1\NLP_project\PronounceAI\librispeech\LibriSpeech\train-clean-100\1040\133433\1040-133433-0047.flac_aug,or perhaps wendy admits she does see something i do believe she says that it is this nursery i do believe it is says jane go on,47.37,9.11,0
E:\UMD\Data_641_PCS1\NLP_project\PronounceAI\librispeech\LibriSpeech\train-clean-100\1040\133433\1040-133433-0048.flac,they are now embarked on the great adventure of the night when peter flew in looking for his shadow,100.0,70.67,1
E:\UMD\Data_641_PCS1\NLP_project\PronounceAI\librispeech\LibriSpeech\train-clean-100\1040\133433\1040-133433-0048.flac_aug,they are now embarked on the great adventure of the night when peter flew in looking for his shadow,6.06,0.25,0
E:\UMD\Data_641_PCS1\NLP_project\PronounceAI\librispeech\LibriSpeech\train-clean-100\1040\133433\1040-133433-0049.flac,you have missed a bit interrupts jane who now knows the story better than her mother when you saw him sitting on the floor crying what did you say i sat up in bed and i said boy why are you crying,100.0,93.52,1
E:\UMD\Data_641_PCS1\NLP_project\PronounceAI\librispeech\LibriSpeech\train-clean-100\1040\133433\1040-133433-0049.flac_aug,you have missed a bit interrupts jane who now knows the story better than her mother when you saw him sitting on the floor crying what did you say i sat up in bed and i said boy why are you crying,97.22,17.37,0
E:\UMD\Data_641_PCS1\NLP_project\PronounceAI\librispeech\LibriSpeech\train-clean-100\1040\133433\1040-133433-0050.flac,yes that was it says jane with a big breath and then he flew us all away to the neverland and the fairies and the pirates and the redskins and the mermaid's lagoon,100.0,86.93,1
E:\UMD\Data_641_PCS1\NLP_project\PronounceAI\librispeech\LibriSpeech\train-clean-100\1040\133433\1040-133433-0050.flac_aug,yes that was it says jane with a big breath and then he flew us all away to the neverland and the fairies and the pirates and the redskins and the mermaid's lagoon,81.63,11.85,0
E:\UMD\Data_641_PCS1\NLP_project\PronounceAI\librispeech\LibriSpeech\train-clean-100\1040\133433\1040-133433-0051.flac,yes which did you like best of all i think i liked the home under the ground best of all,100.0,91.45,1
E:\UMD\Data_641_PCS1\NLP_project\PronounceAI\librispeech\LibriSpeech\train-clean-100\1040\133433\1040-133433-0051.flac_aug,yes which did you like best of all i think i liked the home under the ground best of all,20.69,7.57,0
E:\UMD\Data_641_PCS1\NLP_project\PronounceAI\librispeech\LibriSpeech\train-clean-100\1040\133433\1040-133433-0052.flac,what was the last thing peter ever said to you the last thing he ever said to me was just always be waiting for me and then some night you will hear me crowing yes but alas he forgot all about me,100.0,95.52,1
E:\UMD\Data_641_PCS1\NLP_project\PronounceAI\librispeech\LibriSpeech\train-clean-100\1040\133433\1040-133433-0052.flac_aug,what was the last thing peter ever said to you the last thing he ever said to me was just always be waiting for me and then some night you will hear me crowing yes but alas he forgot all about me,95.08,32.34,0
E:\UMD\Data_641_PCS1\NLP_project\PronounceAI\librispeech\LibriSpeech\train-clean-100\1040\133433\1040-133433-0053.flac,wendy said it with a smile she was as grown up as that what did his crow sound like jane asked one evening it was like this wendy said,100.0,93.79,1
E:\UMD\Data_641_PCS1\NLP_project\PronounceAI\librispeech\LibriSpeech\train-clean-100\1040\133433\1040-133433-0053.flac_aug,wendy said it with a smile she was as grown up as that what did his crow sound like jane asked one evening it was like this wendy said,13.79,0.0,0
E:\UMD\Data_641_PCS1\NLP_project\PronounceAI\librispeech\LibriSpeech\train-clean-100\1040\133433\1040-133433-0054.flac,trying to imitate peter's crow no it wasn't jane said gravely,100.0,36.66,1
E:\UMD\Data_641_PCS1\NLP_project\PronounceAI\librispeech\LibriSpeech\train-clean-100\1040\133433\1040-133433-0054.flac_aug,trying to imitate peter's crow no it wasn't jane said gravely,30.0,9.09,0
E:\UMD\Data_641_PCS1\NLP_project\PronounceAI\librispeech\LibriSpeech\train-clean-100\1040\133433\1040-133433-0055.flac,jane said ah yes many girls hear it when they are sleeping but i was the only one who heard it awake lucky you said jane and then one night came the tragedy it was the spring of the year,100.0,89.18,1
E:\UMD\Data_641_PCS1\NLP_project\PronounceAI\librispeech\LibriSpeech\train-clean-100\1040\133433\1040-133433-0055.flac_aug,jane said ah yes many girls hear it when they are sleeping but i was the only one who heard it awake lucky you said jane and then one night came the tragedy it was the spring of the year,15.09,0.5,0
E:\UMD\Data_641_PCS1\NLP_project\PronounceAI\librispeech\LibriSpeech\train-clean-100\1040\133433\1040-133433-0056.flac,wendy was sitting on the floor very close to the fire so as to see to darn for there was no other light in the nursery and while she sat darning she heard a crow then the window blew open as of old,100.0,94.21,1
E:\UMD\Data_641_PCS1\NLP_project\PronounceAI\librispeech\LibriSpeech\train-clean-100\1040\133433\1040-133433-0056.flac_aug,wendy was sitting on the floor very close to the fire so as to see to darn for there was no other light in the nursery and while she sat darning she heard a crow then the window blew open as of old,84.06,8.46,0
E:\UMD\Data_641_PCS1\NLP_project\PronounceAI\librispeech\LibriSpeech\train-clean-100\1040\133433\1040-133433-0057.flac,he was exactly the same as ever and wendy saw at once that he still had all his first teeth he was a little boy and she was grown up she huddled by the fire not daring to move helpless and guilty,100.0,94.81,1
E:\UMD\Data_641_PCS1\NLP_project\PronounceAI\librispeech\LibriSpeech\train-clean-100\1040\133433\1040-133433-0057.flac_aug,he was exactly the same as ever and wendy saw at once that he still had all his first teeth he was a little boy and she was grown up she huddled by the fire not daring to move helpless and guilty,60.61,0.74,0
E:\UMD\Data_641_PCS1\NLP_project\PronounceAI\librispeech\LibriSpeech\train-clean-100\1040\133433\1040-133433-0058.flac,a big woman hullo wendy he said not noticing any difference for he was thinking chiefly of himself and in the dim light her white dress might have been the nightgown in which he had seen her first hullo peter,100.0,84.56,1
E:\UMD\Data_641_PCS1\NLP_project\PronounceAI\librispeech\LibriSpeech\train-clean-100\1040\133433\1040-133433-0058.flac_aug,a big woman hullo wendy he said not noticing any difference for he was thinking chiefly of himself and in the dim light her white dress might have been the nightgown in which he had seen her first hullo peter,46.88,0.0,0
E:\UMD\Data_641_PCS1\NLP_project\PronounceAI\librispeech\LibriSpeech\train-clean-100\1040\133433\1040-133433-0059.flac,she replied faintly squeezing herself as small as possible something inside her was crying woman woman let go of me hullo where is john he asked suddenly missing the third bed,100.0,88.86,1
E:\UMD\Data_641_PCS1\NLP_project\PronounceAI\librispeech\LibriSpeech\train-clean-100\1040\133433\1040-133433-0059.flac_aug,she replied faintly squeezing herself as small as possible something inside her was crying woman woman let go of me hullo where is john he asked suddenly missing the third bed,8.51,0.5,0
E:\UMD\Data_641_PCS1\NLP_project\PronounceAI\librispeech\LibriSpeech\train-clean-100\1040\133433\1040-133433-0060.flac,john is not here now she gasped is michael asleep he asked with a careless glance at jane,100.0,92.86,1
E:\UMD\Data_641_PCS1\NLP_project\PronounceAI\librispeech\LibriSpeech\train-clean-100\1040\133433\1040-133433-0060.flac_aug,john is not here now she gasped is michael asleep he asked with a careless glance at jane,34.29,6.1,0
E:\UMD\Data_641_PCS1\NLP_project\PronounceAI\librispeech\LibriSpeech\train-clean-100\1040\133433\1040-133433-0061.flac,that is not michael she said quickly lest a judgment should fall on her peter looked hullo is it a new one yes boy or girl girl now surely he would understand but not a bit of it,100.0,94.55,1
E:\UMD\Data_641_PCS1\NLP_project\PronounceAI\librispeech\LibriSpeech\train-clean-100\1040\133433\1040-133433-0061.flac_aug,that is not michael she said quickly lest a judgment should fall on her peter looked hullo is it a new one yes boy or girl girl now surely he would understand but not a bit of it,23.33,0.0,0
E:\UMD\Data_641_PCS1\NLP_project\PronounceAI\librispeech\LibriSpeech\train-clean-100\1040\133433\1040-133433-0062.flac,peter she said faltering are you expecting me to fly away with you of course that is why i have come he added a little sternly have you forgotten that this is spring cleaning time,100.0,93.11,1
E:\UMD\Data_641_PCS1\NLP_project\PronounceAI\librispeech\LibriSpeech\train-clean-100\1040\133433\1040-133433-0062.flac_aug,peter she said faltering are you expecting me to fly away with you of course that is why i have come he added a little sternly have you forgotten that this is spring cleaning time,73.33,19.91,0
E:\UMD\Data_641_PCS1\NLP_project\PronounceAI\librispeech\LibriSpeech\train-clean-100\1040\133433\1040-133433-0063.flac,she knew it was useless to say that he had let many spring cleaning times pass i can't come she said apologetically i have forgotten how to fly i'll soon teach you again o peter don't waste the fairy dust on me,100.0,95.32,1
E:\UMD\Data_641_PCS1\NLP_project\PronounceAI\librispeech\LibriSpeech\train-clean-100\1040\133433\1040-133433-0063.flac_aug,she knew it was useless to say that he had let many spring cleaning times pass i can't come she said apologetically i have forgotten how to fly i'll soon teach you again o peter don't waste the fairy dust on me,59.74,7.19,0
E:\UMD\Data_641_PCS1\NLP_project\PronounceAI\librispeech\LibriSpeech\train-clean-100\1040\133433\1040-133433-0064.flac,what is it he cried shrinking,100.0,88.51,1
E:\UMD\Data_641_PCS1\NLP_project\PronounceAI\librispeech\LibriSpeech\train-clean-100\1040\133433\1040-133433-0064.flac_aug,what is it he cried shrinking,46.15,21.35,0
E:\UMD\Data_641_PCS1\NLP_project\PronounceAI\librispeech\LibriSpeech\train-clean-100\1040\133433\1040-133433-0065.flac,for almost the only time in his life that i know of peter was afraid don't turn up the light he cried she let her hands play in the hair of the tragic boy she was not a little girl heart broken about him,95.89,77.89,1
E:\UMD\Data_641_PCS1\NLP_project\PronounceAI\librispeech\LibriSpeech\train-clean-100\1040\133433\1040-133433-0065.flac_aug,for almost the only time in his life that i know of peter was afraid don't turn up the light he cried she let her hands play in the hair of the tragic boy she was not a little girl heart broken about him,47.37,0.0,0
E:\UMD\Data_641_PCS1\NLP_project\PronounceAI\librispeech\LibriSpeech\train-clean-100\1040\133433\1040-133433-0066.flac,she was a grown woman smiling at it all,100.0,88.88,1
E:\UMD\Data_641_PCS1\NLP_project\PronounceAI\librispeech\LibriSpeech\train-clean-100\1040\133433\1040-133433-0066.flac_aug,she was a grown woman smiling at it all,14.29,0.5,0
E:\UMD\Data_641_PCS1\NLP_project\PronounceAI\librispeech\LibriSpeech\train-clean-100\1040\133433\1040-133433-0067.flac,then she turned up the light and peter saw he gave a cry of pain and when the tall beautiful creature stooped to lift him in her arms he drew back sharply what is it he cried again she had to tell him,100.0,93.38,1
E:\UMD\Data_641_PCS1\NLP_project\PronounceAI\librispeech\LibriSpeech\train-clean-100\1040\133433\1040-133433-0067.flac_aug,then she turned up the light and peter saw he gave a cry of pain and when the tall beautiful creature stooped to lift him in her arms he drew back sharply what is it he cried again she had to tell him,86.11,5.47,0
E:\UMD\Data_641_PCS1\NLP_project\PronounceAI\librispeech\LibriSpeech\train-clean-100\1040\133433\1040-133433-0068.flac,i am old peter i am ever so much more than twenty i grew up long ago you promised not to i couldn't help it,100.0,92.27,1
E:\UMD\Data_641_PCS1\NLP_project\PronounceAI\librispeech\LibriSpeech\train-clean-100\1040\133433\1040-133433-0068.flac_aug,i am old peter i am ever so much more than twenty i grew up long ago you promised not to i couldn't help it,32.43,0.5,0
E:\UMD\Data_641_PCS1\NLP_project\PronounceAI\librispeech\LibriSpeech\train-clean-100\1040\133433\1040-133433-0069.flac,no you're not yes and the little girl in the bed is my baby no she's not,100.0,91.14,1
E:\UMD\Data_641_PCS1\NLP_project\PronounceAI\librispeech\LibriSpeech\train-clean-100\1040\133433\1040-133433-0069.flac_aug,no you're not yes and the little girl in the bed is my baby no she's not,52.63,0.25,0
E:\UMD\Data_641_PCS1\NLP_project\PronounceAI\librispeech\LibriSpeech\train-clean-100\1040\133433\1040-133433-0070.flac,of course he did not strike,100.0,91.28,1
E:\UMD\Data_641_PCS1\NLP_project\PronounceAI\librispeech\LibriSpeech\train-clean-100\1040\133433\1040-133433-0070.flac_aug,of course he did not strike,100.0,73.46,0
E:\UMD\Data_641_PCS1\NLP_project\PronounceAI\librispeech\LibriSpeech\train-clean-100\1040\133433\1040-133433-0071.flac,and wendy did not know how to comfort him though she could have done it so easily once she was only a woman now and she ran out of the room to try to think peter continued to cry and soon his sobs woke jane,100.0,95.1,1
E:\UMD\Data_641_PCS1\NLP_project\PronounceAI\librispeech\LibriSpeech\train-clean-100\1040\133433\1040-133433-0071.flac_aug,and wendy did not know how to comfort him though she could have done it so easily once she was only a woman now and she ran out of the room to try to think peter continued to cry and soon his sobs woke jane,64.86,0.0,0
E:\UMD\Data_641_PCS1\NLP_project\PronounceAI\librispeech\LibriSpeech\train-clean-100\1040\133433\1040-133433-0072.flac,boy she said why are you crying peter rose and bowed to her and she bowed to him from the bed hullo he said hullo said jane my name is peter pan he told her,100.0,94.73,1
E:\UMD\Data_641_PCS1\NLP_project\PronounceAI\librispeech\LibriSpeech\train-clean-100\1040\133433\1040-133433-0072.flac_aug,boy she said why are you crying peter rose and bowed to her and she bowed to him from the bed hullo he said hullo said jane my name is peter pan he told her,47.83,0.0,0
E:\UMD\Data_641_PCS1\NLP_project\PronounceAI\librispeech\LibriSpeech\train-clean-100\1040\133433\1040-133433-0073.flac,yes i know i came back for my mother he explained to take her to the neverland yes i know jane said i have been waiting for you when wendy returned diffidently she found peter sitting on the bed post crowing gloriously,98.55,94.69,1
E:\UMD\Data_641_PCS1\NLP_project\PronounceAI\librispeech\LibriSpeech\train-clean-100\1040\133433\1040-133433-0073.flac_aug,yes i know i came back for my mother he explained to take her to the neverland yes i know jane said i have been waiting for you when wendy returned diffidently she found peter sitting on the bed post crowing gloriously,36.92,0.5,0
E:\UMD\Data_641_PCS1\NLP_project\PronounceAI\librispeech\LibriSpeech\train-clean-100\1040\133433\1040-133433-0074.flac,while jane in her nighty was flying round the room in solemn ecstasy she is my mother peter explained and jane descended and stood by his side with the look in her face that he liked to see on ladies when they gazed at him,100.0,87.54,1
E:\UMD\Data_641_PCS1\NLP_project\PronounceAI\librispeech\LibriSpeech\train-clean-100\1040\133433\1040-133433-0074.flac_aug,while jane in her nighty was flying round the room in solemn ecstasy she is my mother peter explained and jane descended and stood by his side with the look in her face that he liked to see on ladies when they gazed at him,73.68,12.43,0
E:\UMD\Data_641_PCS1\NLP_project\PronounceAI\librispeech\LibriSpeech\train-clean-100\1040\133433\1040-133433-0075.flac,he does so need a mother jane said yes i know wendy admitted rather forlornly no one knows it so well as i good bye said peter to wendy and he rose in the air and the shameless jane rose with him,100.0,97.06,1
E:\UMD\Data_641_PCS1\NLP_project\PronounceAI\librispeech\LibriSpeech\train-clean-100\1040\133433\1040-133433-0075.flac_aug,he does so need a mother jane said yes i know wendy admitted rather forlornly no one knows it so well as i good bye said peter to wendy and he rose in the air and the shameless jane rose with him,82.35,71.21,0
E:\UMD\Data_641_PCS1\NLP_project\PronounceAI\librispeech\LibriSpeech\train-clean-100\1040\133433\1040-133433-0076.flac,it was already her easiest way of moving about wendy rushed to the window no no she cried it is just for spring cleaning time jane said he wants me always to do his spring cleaning,100.0,92.65,1
E:\UMD\Data_641_PCS1\NLP_project\PronounceAI\librispeech\LibriSpeech\train-clean-100\1040\133433\1040-133433-0076.flac_aug,it was already her easiest way of moving about wendy rushed to the window no no she cried it is just for spring cleaning time jane said he wants me always to do his spring cleaning,62.5,7.95,0
E:\UMD\Data_641_PCS1\NLP_project\PronounceAI\librispeech\LibriSpeech\train-clean-100\1040\133433\1040-133433-0077.flac,if only i could go with you wendy sighed you see you can't fly said jane of course in the end wendy let them fly away together,100.0,90.56,1
E:\UMD\Data_641_PCS1\NLP_project\PronounceAI\librispeech\LibriSpeech\train-clean-100\1040\133433\1040-133433-0077.flac_aug,if only i could go with you wendy sighed you see you can't fly said jane of course in the end wendy let them fly away together,80.0,6.28,0
E:\UMD\Data_641_PCS1\NLP_project\PronounceAI\librispeech\LibriSpeech\train-clean-100\1040\133433\1040-133433-0078.flac,our last glimpse of her shows her at the window,100.0,84.17,1
E:\UMD\Data_641_PCS1\NLP_project\PronounceAI\librispeech\LibriSpeech\train-clean-100\1040\133433\1040-133433-0078.flac_aug,our last glimpse of her shows her at the window,88.89,72.68,0
E:\UMD\Data_641_PCS1\NLP_project\PronounceAI\librispeech\LibriSpeech\train-clean-100\1040\133433\1040-133433-0079.flac,as you look at wendy you may see her hair becoming white and her figure little again for all this happened long ago,100.0,89.47,1
E:\UMD\Data_641_PCS1\NLP_project\PronounceAI\librispeech\LibriSpeech\train-clean-100\1040\133433\1040-133433-0079.flac_aug,as you look at wendy you may see her hair becoming white and her figure little again for all this happened long ago,90.48,24.38,0
E:\UMD\Data_641_PCS1\NLP_project\PronounceAI\librispeech\LibriSpeech\train-clean-100\1040\133433\1040-133433-0080.flac,and every spring cleaning time except when he forgets peter comes for margaret and takes her to the neverland where she tells him stories about himself to which he listens eagerly when margaret grows up she will have a daughter who is to be peter's mother in turn,100.0,89.77,1
E:\UMD\Data_641_PCS1\NLP_project\PronounceAI\librispeech\LibriSpeech\train-clean-100\1040\133433\1040-133433-0080.flac_aug,and every spring cleaning time except when he forgets peter comes for margaret and takes her to the neverland where she tells him stories about himself to which he listens eagerly when margaret grows up she will have a daughter who is to be peter's mother in turn,97.56,37.68,0
E:\UMD\Data_641_PCS1\NLP_project\PronounceAI\librispeech\LibriSpeech\train-clean-100\1069\133699\1069-133699-0000.flac,he took a resolve after this not to misinterpret her words even when miss stackpole appeared to strike the personal note most strongly he bethought himself that persons in her view were simple and homogeneous organisms,100.0,95.31,1
E:\UMD\Data_641_PCS1\NLP_project\PronounceAI\librispeech\LibriSpeech\train-clean-100\1069\133699\1069-133699-0000.flac_aug,he took a resolve after this not to misinterpret her words even when miss stackpole appeared to strike the personal note most strongly he bethought himself that persons in her view were simple and homogeneous organisms,92.06,88.79,0
E:\UMD\Data_641_PCS1\NLP_project\PronounceAI\librispeech\LibriSpeech\train-clean-100\1069\133699\1069-133699-0001.flac,to deal with her in strict reciprocity he carried out his resolve with a great deal of tact and the young lady found in renewed contact with him no obstacle to the exercise of her genius for unshrinking enquiry,100.0,97.41,1
E:\UMD\Data_641_PCS1\NLP_project\PronounceAI\librispeech\LibriSpeech\train-clean-100\1069\133699\1069-133699-0001.flac_aug,to deal with her in strict reciprocity he carried out his resolve with a great deal of tact and the young lady found in renewed contact with him no obstacle to the exercise of her genius for unshrinking enquiry,78.12,17.77,0
E:\UMD\Data_641_PCS1\NLP_project\PronounceAI\librispeech\LibriSpeech\train-clean-100\1069\133699\1069-133699-0002.flac,the general application of her confidence her situation at gardencourt therefore appreciated as we have seen her to be by isabel and full of appreciation herself of that free play of intelligence,100.0,94.89,1
E:\UMD\Data_641_PCS1\NLP_project\PronounceAI\librispeech\LibriSpeech\train-clean-100\1069\133699\1069-133699-0002.flac_aug,the general application of her confidence her situation at gardencourt therefore appreciated as we have seen her to be by isabel and full of appreciation herself of that free play of intelligence,5.71,1.75,0
E:\UMD\Data_641_PCS1\NLP_project\PronounceAI\librispeech\LibriSpeech\train-clean-100\1069\133699\1069-133699-0003.flac,she presently discovered in truth that this obligation was of the lightest and that missus touchett cared very little how miss stackpole behaved missus touchett had defined her to isabel,100.0,96.59,1
E:\UMD\Data_641_PCS1\NLP_project\PronounceAI\librispeech\LibriSpeech\train-clean-100\1069\133699\1069-133699-0003.flac_aug,she presently discovered in truth that this obligation was of the lightest and that missus touchett cared very little how miss stackpole behaved missus touchett had defined her to isabel,58.18,21.05,0
E:\UMD\Data_641_PCS1\NLP_project\PronounceAI\librispeech\LibriSpeech\train-clean-100\1069\133699\1069-133699-0004.flac,as both an adventuress and a bore adventuresses usually giving one more of a thrill she had expressed some surprise at her niece's having selected such a friend,100.0,94.88,1
E:\UMD\Data_641_PCS1\NLP_project\PronounceAI\librispeech\LibriSpeech\train-clean-100\1069\133699\1069-133699-0004.flac_aug,as both an adventuress and a bore adventuresses usually giving one more of a thrill she had expressed some surprise at her niece's having selected such a friend,74.51,10.82,0
E:\UMD\Data_641_PCS1\NLP_project\PronounceAI\librispeech\LibriSpeech\train-clean-100\1069\133699\1069-133699-0005.flac,yet had immediately added that she knew isabel's friends were her own affair and that she had never undertaken to like them all or to restrict the girl to those she liked,100.0,88.46,1
E:\UMD\Data_641_PCS1\NLP_project\PronounceAI\librispeech\LibriSpeech\train-clean-100\1069\133699\1069-133699-0005.flac_aug,yet had immediately added that she knew isabel's friends were her own affair and that she had never undertaken to like them all or to restrict the girl to those she liked,56.6,13.87,0
E:\UMD\Data_641_PCS1\NLP_project\PronounceAI\librispeech\LibriSpeech\train-clean-100\1069\133699\1069-133699-0006.flac,my dear you'd have a very small society missus touchett frankly admitted and i don't think i like any man or woman well enough to recommend them to you when it comes to recommending it's a serious affair,100.0,95.22,1
E:\UMD\Data_641_PCS1\NLP_project\PronounceAI\librispeech\LibriSpeech\train-clean-100\1069\133699\1069-133699-0006.flac_aug,my dear you'd have a very small society missus touchett frankly admitted and i don't think i like any man or woman well enough to recommend them to you when it comes to recommending it's a serious affair,85.29,6.68,0
E:\UMD\Data_641_PCS1\NLP_project\PronounceAI\librispeech\LibriSpeech\train-clean-100\1069\133699\1069-133699-0007.flac,i don't like miss stackpole everything about her displeases me she talks so much too loud and looks at one as if one wanted to look at her which one doesn't,100.0,98.19,1
E:\UMD\Data_641_PCS1\NLP_project\PronounceAI\librispeech\LibriSpeech\train-clean-100\1069\133699\1069-133699-0007.flac_aug,i don't like miss stackpole everything about her displeases me she talks so much too loud and looks at one as if one wanted to look at her which one doesn't,66.67,13.72,0
E:\UMD\Data_641_PCS1\NLP_project\PronounceAI\librispeech\LibriSpeech\train-clean-100\1069\133699\1069-133699-0008.flac,i'm sure she has lived all her life in a boarding house and i detest the manners and the liberties of such places if you ask me if i prefer my own manners which you doubtless think very bad i'll tell you that i prefer them immensely,100.0,95.1,1
E:\UMD\Data_641_PCS1\NLP_project\PronounceAI\librispeech\LibriSpeech\train-clean-100\1069\133699\1069-133699-0008.flac_aug,i'm sure she has lived all her life in a boarding house and i detest the manners and the liberties of such places if you ask me if i prefer my own manners which you doubtless think very bad i'll tell you that i prefer them immensely,63.16,1.0,0
E:\UMD\Data_641_PCS1\NLP_project\PronounceAI\librispeech\LibriSpeech\train-clean-100\1069\133699\1069-133699-0009.flac,and she detests me for detesting it,100.0,88.15,1
E:\UMD\Data_641_PCS1\NLP_project\PronounceAI\librispeech\LibriSpeech\train-clean-100\1069\133699\1069-133699-0009.flac_aug,and she detests me for detesting it,100.0,1.0,0
E:\UMD\Data_641_PCS1\NLP_project\PronounceAI\librispeech\LibriSpeech\train-clean-100\1069\133699\1069-133699-0010.flac,missus touchett was right in guessing that henrietta disapproved of her but she had not quite put her finger on the reason a day or two after miss stackpole's arrival,100.0,96.97,1
E:\UMD\Data_641_PCS1\NLP_project\PronounceAI\librispeech\LibriSpeech\train-clean-100\1069\133699\1069-133699-0010.flac_aug,missus touchett was right in guessing that henrietta disapproved of her but she had not quite put her finger on the reason a day or two after miss stackpole's arrival,91.23,52.12,0
E:\UMD\Data_641_PCS1\NLP_project\PronounceAI\librispeech\LibriSpeech\train-clean-100\1069\133699\1069-133699-0011.flac,which excited a vein of counter argument on the part of the correspondent of the interviewer who in the exercise of her profession had acquainted herself in the western world with every form of caravansary,100.0,97.46,1
E:\UMD\Data_641_PCS1\NLP_project\PronounceAI\librispeech\LibriSpeech\train-clean-100\1069\133699\1069-133699-0011.flac_aug,which excited a vein of counter argument on the part of the correspondent of the interviewer who in the exercise of her profession had acquainted herself in the western world with every form of caravansary,35.71,1.0,0
E:\UMD\Data_641_PCS1\NLP_project\PronounceAI\librispeech\LibriSpeech\train-clean-100\1069\133699\1069-133699-0012.flac,ralph with his experimental geniality suggested by way of healing the breach that the truth lay between the two extremes and that the establishments in question ought to be described as fair middling,100.0,94.83,1
E:\UMD\Data_641_PCS1\NLP_project\PronounceAI\librispeech\LibriSpeech\train-clean-100\1069\133699\1069-133699-0012.flac_aug,ralph with his experimental geniality suggested by way of healing the breach that the truth lay between the two extremes and that the establishments in question ought to be described as fair middling,54.84,0.75,0
E:\UMD\Data_641_PCS1\NLP_project\PronounceAI\librispeech\LibriSpeech\train-clean-100\1069\133699\1069-133699-0013.flac,this contribution to the discussion however miss stackpole rejected with scorn middling indeed if they were not the best in the world they were the worst but there was nothing middling about an american hotel,100.0,95.43,1
E:\UMD\Data_641_PCS1\NLP_project\PronounceAI\librispeech\LibriSpeech\train-clean-100\1069\133699\1069-133699-0013.flac_aug,this contribution to the discussion however miss stackpole rejected with scorn middling indeed if they were not the best in the world they were the worst but there was nothing middling about an american hotel,67.86,25.84,0
E:\UMD\Data_641_PCS1\NLP_project\PronounceAI\librispeech\LibriSpeech\train-clean-100\1069\133699\1069-133699-0014.flac,i like to be treated as an american lady poor american ladies cried missus touchett with a laugh they're the slaves of slaves they're the companions of freemen henrietta retorted,100.0,95.81,1
E:\UMD\Data_641_PCS1\NLP_project\PronounceAI\librispeech\LibriSpeech\train-clean-100\1069\133699\1069-133699-0014.flac_aug,i like to be treated as an american lady poor american ladies cried missus touchett with a laugh they're the slaves of slaves they're the companions of freemen henrietta retorted,74.51,57.52,0
E:\UMD\Data_641_PCS1\NLP_project\PronounceAI\librispeech\LibriSpeech\train-clean-100\1069\133699\1069-133699-0015.flac,they're the companions of their servants the irish chambermaid and the negro waiter they share their work do you call the domestics in an american household slaves miss stackpole enquired,100.0,98.99,1
E:\UMD\Data_641_PCS1\NLP_project\PronounceAI\librispeech\LibriSpeech\train-clean-100\1069\133699\1069-133699-0015.flac_aug,they're the companions of their servants the irish chambermaid and the negro waiter they share their work do you call the domestics in an american household slaves miss stackpole enquired,82.35,0.0,0
E:\UMD\Data_641_PCS1\NLP_project\PronounceAI\librispeech\LibriSpeech\train-clean-100\1069\133699\1069-133699-0016.flac,if that's the way you desire to treat them no wonder you don't like america if you've not good servants you're miserable missus touchett serenely said they're very bad in america but i've five perfect ones in florence,97.06,93.25,1
E:\UMD\Data_641_PCS1\NLP_project\PronounceAI\librispeech\LibriSpeech\train-clean-100\1069\133699\1069-133699-0016.flac_aug,if that's the way you desire to treat them no wonder you don't like america if you've not good servants you're miserable missus touchett serenely said they're very bad in america but i've five perfect ones in florence,94.12,77.52,0
E:\UMD\Data_641_PCS1\NLP_project\PronounceAI\librispeech\LibriSpeech\train-clean-100\1069\133699\1069-133699-0017.flac,i don't see what you want with five henrietta couldn't help observing i don't think i should like to see five persons surrounding me in that menial position,100.0,92.95,1
E:\UMD\Data_641_PCS1\NLP_project\PronounceAI\librispeech\LibriSpeech\train-clean-100\1069\133699\1069-133699-0017.flac_aug,i don't see what you want with five henrietta couldn't help observing i don't think i should like to see five persons surrounding me in that menial position,77.55,20.04,0
E:\UMD\Data_641_PCS1\NLP_project\PronounceAI\librispeech\LibriSpeech\train-clean-100\1069\133699\1069-133699-0018.flac,should you like me better if i were your butler dear her husband asked i don't think i should you wouldn't at all have the tenue the companions of freemen i like that miss stackpole said ralph,100.0,98.04,1
E:\UMD\Data_641_PCS1\NLP_project\PronounceAI\librispeech\LibriSpeech\train-clean-100\1069\133699\1069-133699-0018.flac_aug,should you like me better if i were your butler dear her husband asked i don't think i should you wouldn't at all have the tenue the companions of freemen i like that miss stackpole said ralph,80.0,0.25,0
E:\UMD\Data_641_PCS1\NLP_project\PronounceAI\librispeech\LibriSpeech\train-clean-100\1069\133699\1069-133699-0019.flac,it's a beautiful description when i said freemen i didn't mean you sir and this was the only reward that ralph got for his compliment miss stackpole was baffled,100.0,98.4,1
E:\UMD\Data_641_PCS1\NLP_project\PronounceAI\librispeech\LibriSpeech\train-clean-100\1069\133699\1069-133699-0019.flac_aug,it's a beautiful description when i said freemen i didn't mean you sir and this was the only reward that ralph got for his compliment miss stackpole was baffled,54.9,31.43,0
E:\UMD\Data_641_PCS1\NLP_project\PronounceAI\librispeech\LibriSpeech\train-clean-100\1069\133699\1069-133699-0020.flac,which she privately judged to be a mysterious survival of feudalism it was perhaps because her mind was oppressed with this image that she suffered some days to elapse before she took occasion to say to isabel,100.0,98.12,1
E:\UMD\Data_641_PCS1\NLP_project\PronounceAI\librispeech\LibriSpeech\train-clean-100\1069\133699\1069-133699-0020.flac_aug,which she privately judged to be a mysterious survival of feudalism it was perhaps because her mind was oppressed with this image that she suffered some days to elapse before she took occasion to say to isabel,29.41,1.75,0
E:\UMD\Data_641_PCS1\NLP_project\PronounceAI\librispeech\LibriSpeech\train-clean-100\1069\133699\1069-133699-0021.flac,my dear friend i wonder if you're growing faithless faithless faithless to you henrietta no that would be a great pain but it's not that faithless to my country then,100.0,96.14,1
E:\UMD\Data_641_PCS1\NLP_project\PronounceAI\librispeech\LibriSpeech\train-clean-100\1069\133699\1069-133699-0021.flac_aug,my dear friend i wonder if you're growing faithless faithless faithless to you henrietta no that would be a great pain but it's not that faithless to my country then,89.8,0.25,0
E:\UMD\Data_641_PCS1\NLP_project\PronounceAI\librispeech\LibriSpeech\train-clean-100\1069\133699\1069-133699-0022.flac,that i hope will never be when i wrote to you from liverpool i said i had something particular to tell you you've never asked me what it is is it because you've suspected suspected what,100.0,95.17,1
E:\UMD\Data_641_PCS1\NLP_project\PronounceAI\librispeech\LibriSpeech\train-clean-100\1069\133699\1069-133699-0022.flac_aug,that i hope will never be when i wrote to you from liverpool i said i had something particular to tell you you've never asked me what it is is it because you've suspected suspected what,98.04,0.0,0
E:\UMD\Data_641_PCS1\NLP_project\PronounceAI\librispeech\LibriSpeech\train-clean-100\1069\133699\1069-133699-0023.flac,you don't ask that right as if you thought it important you're changed you're thinking of other things tell me what you mean and i'll think of that will you really think of it that's what i wish to be sure of,100.0,95.24,1
E:\UMD\Data_641_PCS1\NLP_project\PronounceAI\librispeech\LibriSpeech\train-clean-100\1069\133699\1069-133699-0023.flac_aug,you don't ask that right as if you thought it important you're changed you're thinking of other things tell me what you mean and i'll think of that will you really think of it that's what i wish to be sure of,73.02,0.75,0
E:\UMD\Data_641_PCS1\NLP_project\PronounceAI\librispeech\LibriSpeech\train-clean-100\1069\133699\1069-133699-0024.flac,i've not much control of my thoughts but i'll do my best said isabel henrietta gazed at her in silence for a period which tried isabel's patience so that our heroine added at last,100.0,97.7,1
E:\UMD\Data_641_PCS1\NLP_project\PronounceAI\librispeech\LibriSpeech\train-clean-100\1069\133699\1069-133699-0024.flac_aug,i've not much control of my thoughts but i'll do my best said isabel henrietta gazed at her in silence for a period which tried isabel's patience so that our heroine added at last,0.0,1.52,0
E:\UMD\Data_641_PCS1\NLP_project\PronounceAI\librispeech\LibriSpeech\train-clean-100\1069\133699\1069-133699-0025.flac,isabel responded you say that right i had a good deal of talk with him he has come after you did he tell you so no he told me nothing that's how i knew it said henrietta cleverly,100.0,94.76,1
E:\UMD\Data_641_PCS1\NLP_project\PronounceAI\librispeech\LibriSpeech\train-clean-100\1069\133699\1069-133699-0025.flac_aug,isabel responded you say that right i had a good deal of talk with him he has come after you did he tell you so no he told me nothing that's how i knew it said henrietta cleverly,92.54,33.2,0
E:\UMD\Data_641_PCS1\NLP_project\PronounceAI\librispeech\LibriSpeech\train-clean-100\1069\133699\1069-133699-0026.flac,he said very little about you but i spoke of you a good deal isabel waited at the mention of mister goodwood's name she had turned a little pale i'm very sorry you did that she observed at last,100.0,95.8,1
E:\UMD\Data_641_PCS1\NLP_project\PronounceAI\librispeech\LibriSpeech\train-clean-100\1069\133699\1069-133699-0026.flac_aug,he said very little about you but i spoke of you a good deal isabel waited at the mention of mister goodwood's name she had turned a little pale i'm very sorry you did that she observed at last,23.08,0.75,0
E:\UMD\Data_641_PCS1\NLP_project\PronounceAI\librispeech\LibriSpeech\train-clean-100\1069\133699\1069-133699-0027.flac,i could have talked a long time to such a listener he was so quiet so intense he drank it all in what did you say about me isabel asked i said you were on the whole the finest creature i know,100.0,94.07,1
E:\UMD\Data_641_PCS1\NLP_project\PronounceAI\librispeech\LibriSpeech\train-clean-100\1069\133699\1069-133699-0027.flac_aug,i could have talked a long time to such a listener he was so quiet so intense he drank it all in what did you say about me isabel asked i said you were on the whole the finest creature i know,47.06,1.25,0
E:\UMD\Data_641_PCS1\NLP_project\PronounceAI\librispeech\LibriSpeech\train-clean-100\1069\133699\1069-133699-0028.flac,while i talked i never saw an ugly man look so handsome he's very simple minded said isabel and he's not so ugly there's nothing so simplifying as a grand passion,100.0,94.96,1
E:\UMD\Data_641_PCS1\NLP_project\PronounceAI\librispeech\LibriSpeech\train-clean-100\1069\133699\1069-133699-0028.flac_aug,while i talked i never saw an ugly man look so handsome he's very simple minded said isabel and he's not so ugly there's nothing so simplifying as a grand passion,76.92,10.81,0
E:\UMD\Data_641_PCS1\NLP_project\PronounceAI\librispeech\LibriSpeech\train-clean-100\1069\133699\1069-133699-0029.flac,it's not a grand passion i'm very sure it's not that you don't say that as if you were sure isabel gave rather a cold smile i shall say it better to mister goodwood himself,100.0,97.45,1
E:\UMD\Data_641_PCS1\NLP_project\PronounceAI\librispeech\LibriSpeech\train-clean-100\1069\133699\1069-133699-0029.flac_aug,it's not a grand passion i'm very sure it's not that you don't say that as if you were sure isabel gave rather a cold smile i shall say it better to mister goodwood himself,94.74,7.6,0
E:\UMD\Data_641_PCS1\NLP_project\PronounceAI\librispeech\LibriSpeech\train-clean-100\1069\133699\1069-133699-0030.flac,isabel offered no answer to this assertion which her companion made with an air of great confidence he'll find you changed the latter pursued you've been affected by your new surroundings very likely i'm affected by everything,100.0,96.48,1
E:\UMD\Data_641_PCS1\NLP_project\PronounceAI\librispeech\LibriSpeech\train-clean-100\1069\133699\1069-133699-0030.flac_aug,isabel offered no answer to this assertion which her companion made with an air of great confidence he'll find you changed the latter pursued you've been affected by your new surroundings very likely i'm affected by everything,73.24,5.28,0
E:\UMD\Data_641_PCS1\NLP_project\PronounceAI\librispeech\LibriSpeech\train-clean-100\1069\133699\1069-133699-0031.flac,by everything but mister goodwood miss stackpole exclaimed with a slightly harsh hilarity isabel failed even to smile back and in a moment she said did he ask you to speak to me not in so many words,100.0,96.38,1
E:\UMD\Data_641_PCS1\NLP_project\PronounceAI\librispeech\LibriSpeech\train-clean-100\1069\133699\1069-133699-0031.flac_aug,by everything but mister goodwood miss stackpole exclaimed with a slightly harsh hilarity isabel failed even to smile back and in a moment she said did he ask you to speak to me not in so many words,68.57,15.39,0
E:\UMD\Data_641_PCS1\NLP_project\PronounceAI\librispeech\LibriSpeech\train-clean-100\1069\133699\1069-133699-0032.flac,but his eyes asked it and his handshake when he bade me good bye thank you for doing so and isabel turned away yes you're changed you've got new ideas over here her friend continued i hope so said isabel,100.0,95.63,1
E:\UMD\Data_641_PCS1\NLP_project\PronounceAI\librispeech\LibriSpeech\train-clean-100\1069\133699\1069-133699-0032.flac_aug,but his eyes asked it and his handshake when he bade me good bye thank you for doing so and isabel turned away yes you're changed you've got new ideas over here her friend continued i hope so said isabel,65.75,3.52,0
E:\UMD\Data_641_PCS1\NLP_project\PronounceAI\librispeech\LibriSpeech\train-clean-100\1069\133699\1069-133699-0033.flac,one should get as many new ideas as possible yes but they shouldn't interfere with the old ones when the old ones have been the right ones isabel turned about again if you mean that i had any idea with regard to mister goodwood,100.0,97.11,1
E:\UMD\Data_641_PCS1\NLP_project\PronounceAI\librispeech\LibriSpeech\train-clean-100\1069\133699\1069-133699-0033.flac_aug,one should get as many new ideas as possible yes but they shouldn't interfere with the old ones when the old ones have been the right ones isabel turned about again if you mean that i had any idea with regard to mister goodwood,54.05,2.25,0
E:\UMD\Data_641_PCS1\NLP_project\PronounceAI\librispeech\LibriSpeech\train-clean-100\1069\133699\1069-133699-0034.flac,but she faltered before her friend's implacable glitter my dear child you certainly encouraged him isabel made for the moment as if to deny this charge instead of which however she presently answered,100.0,91.19,1
E:\UMD\Data_641_PCS1\NLP_project\PronounceAI\librispeech\LibriSpeech\train-clean-100\1069\133699\1069-133699-0034.flac_aug,but she faltered before her friend's implacable glitter my dear child you certainly encouraged him isabel made for the moment as if to deny this charge instead of which however she presently answered,70.77,3.04,0
E:\UMD\Data_641_PCS1\NLP_project\PronounceAI\librispeech\LibriSpeech\train-clean-100\1069\133699\1069-133699-0035.flac,it's very true i did encourage him and then she asked if her companion had learned from mister goodwood what he intended to do it was a concession to her curiosity for she disliked discussing the subject,100.0,98.09,1
E:\UMD\Data_641_PCS1\NLP_project\PronounceAI\librispeech\LibriSpeech\train-clean-100\1069\133699\1069-133699-0035.flac_aug,it's very true i did encourage him and then she asked if her companion had learned from mister goodwood what he intended to do it was a concession to her curiosity for she disliked discussing the subject,98.51,60.18,0
E:\UMD\Data_641_PCS1\NLP_project\PronounceAI\librispeech\LibriSpeech\train-clean-100\1069\133699\1069-133699-0036.flac,and found henrietta wanting in delicacy i asked him and he said he meant to do nothing miss stackpole answered but i don't believe that he's not a man to do nothing he is a man of high bold action,100.0,96.33,1
E:\UMD\Data_641_PCS1\NLP_project\PronounceAI\librispeech\LibriSpeech\train-clean-100\1069\133699\1069-133699-0036.flac_aug,and found henrietta wanting in delicacy i asked him and he said he meant to do nothing miss stackpole answered but i don't believe that he's not a man to do nothing he is a man of high bold action,65.57,10.34,0
E:\UMD\Data_641_PCS1\NLP_project\PronounceAI\librispeech\LibriSpeech\train-clean-100\1069\133699\1069-133699-0037.flac,and whatever he does will always be right i quite believe that henrietta might be wanting in delicacy but it touched the girl all the same to hear this declaration ah you do care for him her visitor rang out,100.0,96.98,1
E:\UMD\Data_641_PCS1\NLP_project\PronounceAI\librispeech\LibriSpeech\train-clean-100\1069\133699\1069-133699-0037.flac_aug,and whatever he does will always be right i quite believe that henrietta might be wanting in delicacy but it touched the girl all the same to hear this declaration ah you do care for him her visitor rang out,80.0,0.25,0
E:\UMD\Data_641_PCS1\NLP_project\PronounceAI\librispeech\LibriSpeech\train-clean-100\1069\133699\1069-133699-0038.flac,whatever he does will always be right isabel repeated when a man's of that infallible mould what does it matter to him what one feels it may not matter to him but it matters to one's self ah,96.67,95.51,1
E:\UMD\Data_641_PCS1\NLP_project\PronounceAI\librispeech\LibriSpeech\train-clean-100\1069\133699\1069-133699-0038.flac_aug,whatever he does will always be right isabel repeated when a man's of that infallible mould what does it matter to him what one feels it may not matter to him but it matters to one's self ah,71.19,15.77,0
E:\UMD\Data_641_PCS1\NLP_project\PronounceAI\librispeech\LibriSpeech\train-clean-100\1069\133699\1069-133699-0039.flac,i hope he'll hate me then said isabel i believe you hope it about as much as i believe him capable of it to this observation our heroine made no return,100.0,94.52,1
E:\UMD\Data_641_PCS1\NLP_project\PronounceAI\librispeech\LibriSpeech\train-clean-100\1069\133699\1069-133699-0039.flac_aug,i hope he'll hate me then said isabel i believe you hope it about as much as i believe him capable of it to this observation our heroine made no return,50.0,12.32,0
E:\UMD\Data_641_PCS1\NLP_project\PronounceAI\librispeech\LibriSpeech\train-clean-100\1069\133699\1069-133699-0040.flac,she was absorbed in the alarm given her by henrietta's intimation that caspar goodwood would present himself at gardencourt she pretended to herself however that she thought the event impossible and later,100.0,97.17,1
E:\UMD\Data_641_PCS1\NLP_project\PronounceAI\librispeech\LibriSpeech\train-clean-100\1069\133699\1069-133699-0040.flac_aug,she was absorbed in the alarm given her by henrietta's intimation that caspar goodwood would present himself at gardencourt she pretended to herself however that she thought the event impossible and later,21.54,3.5,0
E:\UMD\Data_641_PCS1\NLP_project\PronounceAI\librispeech\LibriSpeech\train-clean-100\1069\133699\1069-133699-0041.flac,she communicated her disbelief to her friend for the next forty eight hours nevertheless she stood prepared to hear the young man's name announced the feeling pressed upon her it made the air sultry,100.0,96.86,1
E:\UMD\Data_641_PCS1\NLP_project\PronounceAI\librispeech\LibriSpeech\train-clean-100\1069\133699\1069-133699-0041.flac_aug,she communicated her disbelief to her friend for the next forty eight hours nevertheless she stood prepared to hear the young man's name announced the feeling pressed upon her it made the air sultry,72.73,23.21,0
E:\UMD\Data_641_PCS1\NLP_project\PronounceAI\librispeech\LibriSpeech\train-clean-100\1069\133699\1069-133699-0042.flac,and after strolling about for some time in a manner at once listless and restless had seated herself on a garden bench within sight of the house beneath a spreading beech where in a white dress ornamented with black ribbons,100.0,96.01,1
E:\UMD\Data_641_PCS1\NLP_project\PronounceAI\librispeech\LibriSpeech\train-clean-100\1069\133699\1069-133699-0042.flac_aug,and after strolling about for some time in a manner at once listless and restless had seated herself on a garden bench within sight of the house beneath a spreading beech where in a white dress ornamented with black ribbons,59.15,20.52,0
E:\UMD\Data_641_PCS1\NLP_project\PronounceAI\librispeech\LibriSpeech\train-clean-100\1069\133699\1069-133699-0043.flac,she formed among the flickering shadows a graceful and harmonious image,100.0,70.7,1
E:\UMD\Data_641_PCS1\NLP_project\PronounceAI\librispeech\LibriSpeech\train-clean-100\1069\133699\1069-133699-0043.flac_aug,she formed among the flickering shadows a graceful and harmonious image,90.91,18.08,0
E:\UMD\Data_641_PCS1\NLP_project\PronounceAI\librispeech\LibriSpeech\train-clean-100\1069\133699\1069-133699-0044.flac,as to whom the proposal of an ownership divided with her cousin had been applied as impartially as possible as impartially as bunchie's own somewhat fickle and inconstant sympathies would allow,100.0,97.41,1
E:\UMD\Data_641_PCS1\NLP_project\PronounceAI\librispeech\LibriSpeech\train-clean-100\1069\133699\1069-133699-0044.flac_aug,as to whom the proposal of an ownership divided with her cousin had been applied as impartially as possible as impartially as bunchie's own somewhat fickle and inconstant sympathies would allow,88.46,0.25,0
E:\UMD\Data_641_PCS1\NLP_project\PronounceAI\librispeech\LibriSpeech\train-clean-100\1069\133699\1069-133699-0045.flac,but she was notified for the first time on this occasion of the finite character of bunchie's intellect hitherto she had been mainly struck with its extent,100.0,81.6,1
E:\UMD\Data_641_PCS1\NLP_project\PronounceAI\librispeech\LibriSpeech\train-clean-100\1069\133699\1069-133699-0045.flac_aug,but she was notified for the first time on this occasion of the finite character of bunchie's intellect hitherto she had been mainly struck with its extent,43.14,3.0,0
E:\UMD\Data_641_PCS1\NLP_project\PronounceAI\librispeech\LibriSpeech\train-clean-100\1069\133699\1069-133699-0046.flac,it seemed to her at last that she would do well to take a book formerly when heavy hearted she had been able with the help of some well chosen volume to transfer the seat of consciousness to the organ of pure reason,100.0,95.21,1
E:\UMD\Data_641_PCS1\NLP_project\PronounceAI\librispeech\LibriSpeech\train-clean-100\1069\133699\1069-133699-0046.flac_aug,it seemed to her at last that she would do well to take a book formerly when heavy hearted she had been able with the help of some well chosen volume to transfer the seat of consciousness to the organ of pure reason,85.29,0.0,0
E:\UMD\Data_641_PCS1\NLP_project\PronounceAI\librispeech\LibriSpeech\train-clean-100\1069\133699\1069-133699-0047.flac,of late it was not to be denied literature had seemed a fading light and even after she had reminded herself that her uncle's library was provided with a complete set of those authors which no gentleman's collection should be without,100.0,93.61,1
E:\UMD\Data_641_PCS1\NLP_project\PronounceAI\librispeech\LibriSpeech\train-clean-100\1069\133699\1069-133699-0047.flac_aug,of late it was not to be denied literature had seemed a fading light and even after she had reminded herself that her uncle's library was provided with a complete set of those authors which no gentleman's collection should be without,84.93,4.04,0
E:\UMD\Data_641_PCS1\NLP_project\PronounceAI\librispeech\LibriSpeech\train-clean-100\1069\133699\1069-133699-0048.flac,she sat motionless and empty handed her eyes bent on the cool green turf of the lawn her meditations were presently interrupted by the arrival of a servant who handed her a letter the letter bore the london postmark,100.0,92.5,1
E:\UMD\Data_641_PCS1\NLP_project\PronounceAI\librispeech\LibriSpeech\train-clean-100\1069\133699\1069-133699-0048.flac_aug,she sat motionless and empty handed her eyes bent on the cool green turf of the lawn her meditations were presently interrupted by the arrival of a servant who handed her a letter the letter bore the london postmark,98.31,34.85,0
E:\UMD\Data_641_PCS1\NLP_project\PronounceAI\librispeech\LibriSpeech\train-clean-100\1069\133699\1069-133699-0049.flac,you will remember that when you gave me my dismissal at albany three months ago i did not accept it i protested against it you in fact appeared to accept my protest and to admit that i had the right on my side,100.0,92.5,1
E:\UMD\Data_641_PCS1\NLP_project\PronounceAI\librispeech\LibriSpeech\train-clean-100\1069\133699\1069-133699-0049.flac_aug,you will remember that when you gave me my dismissal at albany three months ago i did not accept it i protested against it you in fact appeared to accept my protest and to admit that i had the right on my side,70.77,1.75,0
E:\UMD\Data_641_PCS1\NLP_project\PronounceAI\librispeech\LibriSpeech\train-clean-100\1069\133699\1069-133699-0050.flac,i had come to see you with the hope that you would let me bring you over to my conviction my reasons for entertaining this hope had been of the best but you disappointed it i found you changed,100.0,92.11,1
E:\UMD\Data_641_PCS1\NLP_project\PronounceAI\librispeech\LibriSpeech\train-clean-100\1069\133699\1069-133699-0050.flac_aug,i had come to see you with the hope that you would let me bring you over to my conviction my reasons for entertaining this hope had been of the best but you disappointed it i found you changed,42.62,0.5,0
E:\UMD\Data_641_PCS1\NLP_project\PronounceAI\librispeech\LibriSpeech\train-clean-100\1069\133699\1069-133699-0051.flac,arbitrary or capricious therefore it is that i believe you will let me see you again you told me that i'm not disagreeable to you and i believe it for i don't see why that should be i shall always think of you,96.67,95.14,1
E:\UMD\Data_641_PCS1\NLP_project\PronounceAI\librispeech\LibriSpeech\train-clean-100\1069\133699\1069-133699-0051.flac_aug,arbitrary or capricious therefore it is that i believe you will let me see you again you told me that i'm not disagreeable to you and i believe it for i don't see why that should be i shall always think of you,78.69,19.58,0
E:\UMD\Data_641_PCS1\NLP_project\PronounceAI\librispeech\LibriSpeech\train-clean-100\1069\133699\1069-133699-0052.flac,i shall never think of any one else i came to england simply because you are here i couldn't stay at home after you had gone i hated the country because you were not in it if i like this country at present,100.0,90.61,1
E:\UMD\Data_641_PCS1\NLP_project\PronounceAI\librispeech\LibriSpeech\train-clean-100\1069\133699\1069-133699-0052.flac_aug,i shall never think of any one else i came to england simply because you are here i couldn't stay at home after you had gone i hated the country because you were not in it if i like this country at present,95.52,0.0,0
E:\UMD\Data_641_PCS1\NLP_project\PronounceAI\librispeech\LibriSpeech\train-clean-100\1069\133699\1069-133699-0053.flac,it is only because it holds you i have been to england before but have never enjoyed it much may i not come and see you for half an hour this at present is the dearest wish of yours faithfully,100.0,97.74,1
E:\UMD\Data_641_PCS1\NLP_project\PronounceAI\librispeech\LibriSpeech\train-clean-100\1069\133699\1069-133699-0053.flac_aug,it is only because it holds you i have been to england before but have never enjoyed it much may i not come and see you for half an hour this at present is the dearest wish of yours faithfully,86.96,7.5,0
E:\UMD\Data_641_PCS1\NLP_project\PronounceAI\librispeech\LibriSpeech\train-clean-100\1069\133699\1069-133699-0054.flac,caspar goodwood isabel read this missive with such deep attention that she had not perceived an approaching tread on the soft grass,100.0,95.0,1
E:\UMD\Data_641_PCS1\NLP_project\PronounceAI\librispeech\LibriSpeech\train-clean-100\1069\133699\1069-133699-0054.flac_aug,caspar goodwood isabel read this missive with such deep attention that she had not perceived an approaching tread on the soft grass,63.64,8.5,0
E:\UMD\Data_641_PCS1\NLP_project\PronounceAI\librispeech\LibriSpeech\train-clean-100\1069\133709\1069-133709-0000.flac,had laid before her a pair of alternatives now of course you're completely your own mistress and are as free as the bird on the bough i don't mean you were not so before but you're at present on a different footing,100.0,98.86,1
E:\UMD\Data_641_PCS1\NLP_project\PronounceAI\librispeech\LibriSpeech\train-clean-100\1069\133709\1069-133709-0000.flac_aug,had laid before her a pair of alternatives now of course you're completely your own mistress and are as free as the bird on the bough i don't mean you were not so before but you're at present on a different footing,36.62,0.75,0
E:\UMD\Data_641_PCS1\NLP_project\PronounceAI\librispeech\LibriSpeech\train-clean-100\1069\133709\1069-133709-0001.flac,property erects a kind of barrier you can do a great many things if you're rich which would be severely criticised if you were poor you can go and come you can travel alone you can have your own establishment,96.77,97.23,1
E:\UMD\Data_641_PCS1\NLP_project\PronounceAI\librispeech\LibriSpeech\train-clean-100\1069\133709\1069-133709-0001.flac_aug,property erects a kind of barrier you can do a great many things if you're rich which would be severely criticised if you were poor you can go and come you can travel alone you can have your own establishment,48.28,1.0,0
E:\UMD\Data_641_PCS1\NLP_project\PronounceAI\librispeech\LibriSpeech\train-clean-100\1069\133709\1069-133709-0002.flac,i mean of course if you'll take a companion some decayed gentlewoman with a darned cashmere and dyed hair who paints on velvet you don't think you'd like that of course you can do as you please,100.0,97.45,1
E:\UMD\Data_641_PCS1\NLP_project\PronounceAI\librispeech\LibriSpeech\train-clean-100\1069\133709\1069-133709-0002.flac_aug,i mean of course if you'll take a companion some decayed gentlewoman with a darned cashmere and dyed hair who paints on velvet you don't think you'd like that of course you can do as you please,83.33,9.95,0
E:\UMD\Data_641_PCS1\NLP_project\PronounceAI\librispeech\LibriSpeech\train-clean-100\1069\133709\1069-133709-0003.flac,she'd keep people off very well i think,100.0,95.34,1
E:\UMD\Data_641_PCS1\NLP_project\PronounceAI\librispeech\LibriSpeech\train-clean-100\1069\133709\1069-133709-0003.flac_aug,she'd keep people off very well i think,75.0,43.4,0
E:\UMD\Data_641_PCS1\NLP_project\PronounceAI\librispeech\LibriSpeech\train-clean-100\1069\133709\1069-133709-0004.flac,that it's a great deal better you should remain with me in spite of there being no obligation it's better for several reasons quite apart from your liking it i shouldn't think you'd like it but i recommend you to make the sacrifice,100.0,95.09,1
E:\UMD\Data_641_PCS1\NLP_project\PronounceAI\librispeech\LibriSpeech\train-clean-100\1069\133709\1069-133709-0004.flac_aug,that it's a great deal better you should remain with me in spite of there being no obligation it's better for several reasons quite apart from your liking it i shouldn't think you'd like it but i recommend you to make the sacrifice,80.0,5.1,0
E:\UMD\Data_641_PCS1\NLP_project\PronounceAI\librispeech\LibriSpeech\train-clean-100\1069\133709\1069-133709-0005.flac,she had a great regard for what was usually deemed decent and a young gentlewoman without visible relations had always struck her as a flower without foliage,100.0,94.88,1
E:\UMD\Data_641_PCS1\NLP_project\PronounceAI\librispeech\LibriSpeech\train-clean-100\1069\133709\1069-133709-0005.flac_aug,she had a great regard for what was usually deemed decent and a young gentlewoman without visible relations had always struck her as a flower without foliage,39.13,2.0,0
E:\UMD\Data_641_PCS1\NLP_project\PronounceAI\librispeech\LibriSpeech\train-clean-100\1069\133709\1069-133709-0006.flac,when she sat in her damp waterproof and sketched the opportunities that europe would offer to a young person of taste this however was in a great measure the girl's own fault she had got a glimpse of her aunt's experience,97.06,96.84,1
E:\UMD\Data_641_PCS1\NLP_project\PronounceAI\librispeech\LibriSpeech\train-clean-100\1069\133709\1069-133709-0006.flac_aug,when she sat in her damp waterproof and sketched the opportunities that europe would offer to a young person of taste this however was in a great measure the girl's own fault she had got a glimpse of her aunt's experience,86.96,0.0,0
E:\UMD\Data_641_PCS1\NLP_project\PronounceAI\librispeech\LibriSpeech\train-clean-100\1069\133709\1069-133709-0007.flac,and her imagination constantly anticipated the judgements and emotions of a woman who had very little of the same faculty apart from this missus touchett had a great merit she was as honest as a pair of compasses,100.0,92.48,1
E:\UMD\Data_641_PCS1\NLP_project\PronounceAI\librispeech\LibriSpeech\train-clean-100\1069\133709\1069-133709-0007.flac_aug,and her imagination constantly anticipated the judgements and emotions of a woman who had very little of the same faculty apart from this missus touchett had a great merit she was as honest as a pair of compasses,25.0,2.25,0
E:\UMD\Data_641_PCS1\NLP_project\PronounceAI\librispeech\LibriSpeech\train-clean-100\1069\133709\1069-133709-0008.flac,but was never over inquisitive as regards the territory of her neighbour isabel came at last to have a kind of undemonstrable pity for her there seemed something so dreary in the condition of a person whose nature had as it were,100.0,92.71,1
E:\UMD\Data_641_PCS1\NLP_project\PronounceAI\librispeech\LibriSpeech\train-clean-100\1069\133709\1069-133709-0008.flac_aug,but was never over inquisitive as regards the territory of her neighbour isabel came at last to have a kind of undemonstrable pity for her there seemed something so dreary in the condition of a person whose nature had as it were,86.11,0.0,0
E:\UMD\Data_641_PCS1\NLP_project\PronounceAI\librispeech\LibriSpeech\train-clean-100\1069\133709\1069-133709-0009.flac,so little surface offered so limited a face to the accretions of human contact nothing tender nothing sympathetic had ever had a chance to fasten upon it,100.0,93.48,1
E:\UMD\Data_641_PCS1\NLP_project\PronounceAI\librispeech\LibriSpeech\train-clean-100\1069\133709\1069-133709-0009.flac_aug,so little surface offered so limited a face to the accretions of human contact nothing tender nothing sympathetic had ever had a chance to fasten upon it,18.18,1.75,0
E:\UMD\Data_641_PCS1\NLP_project\PronounceAI\librispeech\LibriSpeech\train-clean-100\1069\133709\1069-133709-0010.flac,no wind sown blossom no familiar softening moss her offered her passive extent in other words was about that of a knife edge isabel had reason to believe none the less,100.0,96.91,1
E:\UMD\Data_641_PCS1\NLP_project\PronounceAI\librispeech\LibriSpeech\train-clean-100\1069\133709\1069-133709-0010.flac_aug,no wind sown blossom no familiar softening moss her offered her passive extent in other words was about that of a knife edge isabel had reason to believe none the less,26.23,1.0,0
E:\UMD\Data_641_PCS1\NLP_project\PronounceAI\librispeech\LibriSpeech\train-clean-100\1069\133709\1069-133709-0011.flac,she was learning to sacrifice consistency to considerations of that inferior order for which the excuse must be found in the particular case it was not to the credit of her absolute rectitude,100.0,94.58,1
E:\UMD\Data_641_PCS1\NLP_project\PronounceAI\librispeech\LibriSpeech\train-clean-100\1069\133709\1069-133709-0011.flac_aug,she was learning to sacrifice consistency to considerations of that inferior order for which the excuse must be found in the particular case it was not to the credit of her absolute rectitude,94.55,58.64,0
E:\UMD\Data_641_PCS1\NLP_project\PronounceAI\librispeech\LibriSpeech\train-clean-100\1069\133709\1069-133709-0012.flac,that she should have gone the longest way round to florence in order to spend a few weeks with her invalid son,100.0,88.69,1
E:\UMD\Data_641_PCS1\NLP_project\PronounceAI\librispeech\LibriSpeech\train-clean-100\1069\133709\1069-133709-0012.flac_aug,that she should have gone the longest way round to florence in order to spend a few weeks with her invalid son,71.43,14.74,0
E:\UMD\Data_641_PCS1\NLP_project\PronounceAI\librispeech\LibriSpeech\train-clean-100\1069\133709\1069-133709-0013.flac,that when ralph wished to see her he was at liberty to remember that palazzo crescentini contained a large apartment known as the quarter of the signorino i want to ask you something,100.0,95.7,1
E:\UMD\Data_641_PCS1\NLP_project\PronounceAI\librispeech\LibriSpeech\train-clean-100\1069\133709\1069-133709-0013.flac_aug,that when ralph wished to see her he was at liberty to remember that palazzo crescentini contained a large apartment known as the quarter of the signorino i want to ask you something,65.57,0.0,0
E:\UMD\Data_641_PCS1\NLP_project\PronounceAI\librispeech\LibriSpeech\train-clean-100\1069\133709\1069-133709-0014.flac,isabel said to this young man the day after her arrival at san remo something i've thought more than once of asking you by letter but that i've hesitated on the whole to write about face to face nevertheless,97.06,94.08,1
E:\UMD\Data_641_PCS1\NLP_project\PronounceAI\librispeech\LibriSpeech\train-clean-100\1069\133709\1069-133709-0014.flac_aug,isabel said to this young man the day after her arrival at san remo something i've thought more than once of asking you by letter but that i've hesitated on the whole to write about face to face nevertheless,74.29,0.0,0
E:\UMD\Data_641_PCS1\NLP_project\PronounceAI\librispeech\LibriSpeech\train-clean-100\1069\133709\1069-133709-0015.flac,what does it matter my dear isabel whether i knew my father was very obstinate so said the girl you did know yes he told me we even talked it over a little,100.0,95.82,1
E:\UMD\Data_641_PCS1\NLP_project\PronounceAI\librispeech\LibriSpeech\train-clean-100\1069\133709\1069-133709-0015.flac_aug,what does it matter my dear isabel whether i knew my father was very obstinate so said the girl you did know yes he told me we even talked it over a little,65.57,22.87,0
E:\UMD\Data_641_PCS1\NLP_project\PronounceAI\librispeech\LibriSpeech\train-clean-100\1069\133709\1069-133709-0016.flac,asked isabel abruptly why as a kind of compliment a compliment on what on your so beautifully existing he liked me too much she presently declared that's a way we all have,96.43,94.82,1
E:\UMD\Data_641_PCS1\NLP_project\PronounceAI\librispeech\LibriSpeech\train-clean-100\1069\133709\1069-133709-0016.flac_aug,asked isabel abruptly why as a kind of compliment a compliment on what on your so beautifully existing he liked me too much she presently declared that's a way we all have,71.43,6.84,0
E:\UMD\Data_641_PCS1\NLP_project\PronounceAI\librispeech\LibriSpeech\train-clean-100\1069\133709\1069-133709-0017.flac,if i believed that i should be very unhappy fortunately i don't believe it i want to be treated with justice i want nothing but that very good but you must remember that justice to a lovely being,100.0,92.44,1
E:\UMD\Data_641_PCS1\NLP_project\PronounceAI\librispeech\LibriSpeech\train-clean-100\1069\133709\1069-133709-0017.flac_aug,if i believed that i should be very unhappy fortunately i don't believe it i want to be treated with justice i want nothing but that very good but you must remember that justice to a lovely being,0.0,1.0,0
E:\UMD\Data_641_PCS1\NLP_project\PronounceAI\librispeech\LibriSpeech\train-clean-100\1069\133709\1069-133709-0018.flac,is after all a florid sort of sentiment i'm not a lovely being how can you say that at the very moment when i'm asking such odious questions i must seem to you delicate,100.0,93.93,1
E:\UMD\Data_641_PCS1\NLP_project\PronounceAI\librispeech\LibriSpeech\train-clean-100\1069\133709\1069-133709-0018.flac_aug,is after all a florid sort of sentiment i'm not a lovely being how can you say that at the very moment when i'm asking such odious questions i must seem to you delicate,54.24,7.42,0
E:\UMD\Data_641_PCS1\NLP_project\PronounceAI\librispeech\LibriSpeech\train-clean-100\1069\133709\1069-133709-0019.flac,you seem to me troubled said ralph i am troubled about what for a moment she answered nothing then she broke out do you think it good for me suddenly to be made so rich,96.55,97.4,1
E:\UMD\Data_641_PCS1\NLP_project\PronounceAI\librispeech\LibriSpeech\train-clean-100\1069\133709\1069-133709-0019.flac_aug,you seem to me troubled said ralph i am troubled about what for a moment she answered nothing then she broke out do you think it good for me suddenly to be made so rich,5.26,1.25,0
E:\UMD\Data_641_PCS1\NLP_project\PronounceAI\librispeech\LibriSpeech\train-clean-100\1069\133709\1069-133709-0020.flac,henrietta doesn't oh hang henrietta said ralph coarsely if you ask me i'm delighted at it is that why your father did it for your amusement i differ with miss stackpole,100.0,90.93,1
E:\UMD\Data_641_PCS1\NLP_project\PronounceAI\librispeech\LibriSpeech\train-clean-100\1069\133709\1069-133709-0020.flac_aug,henrietta doesn't oh hang henrietta said ralph coarsely if you ask me i'm delighted at it is that why your father did it for your amusement i differ with miss stackpole,4.88,0.75,0
E:\UMD\Data_641_PCS1\NLP_project\PronounceAI\librispeech\LibriSpeech\train-clean-100\1069\133709\1069-133709-0021.flac,ralph went on more gravely i think it very good for you to have means isabel looked at him with serious eyes i wonder whether you know what's good for me or whether you care if i know depend upon it i care,100.0,96.87,1
E:\UMD\Data_641_PCS1\NLP_project\PronounceAI\librispeech\LibriSpeech\train-clean-100\1069\133709\1069-133709-0021.flac_aug,ralph went on more gravely i think it very good for you to have means isabel looked at him with serious eyes i wonder whether you know what's good for me or whether you care if i know depend upon it i care,0.0,1.25,0
E:\UMD\Data_641_PCS1\NLP_project\PronounceAI\librispeech\LibriSpeech\train-clean-100\1069\133709\1069-133709-0022.flac,don't question your conscience so much it will get out of tune like a strummed piano keep it for great occasions don't try so much to form your character it's like trying to pull open a tight tender young rose,100.0,94.21,1
E:\UMD\Data_641_PCS1\NLP_project\PronounceAI\librispeech\LibriSpeech\train-clean-100\1069\133709\1069-133709-0022.flac_aug,don't question your conscience so much it will get out of tune like a strummed piano keep it for great occasions don't try so much to form your character it's like trying to pull open a tight tender young rose,76.92,3.53,0
E:\UMD\Data_641_PCS1\NLP_project\PronounceAI\librispeech\LibriSpeech\train-clean-100\1069\133709\1069-133709-0023.flac,live as you like best and your character will take care of itself most things are good for you the exceptions are very rare and a comfortable income's not one of them ralph paused smiling,100.0,97.64,1
E:\UMD\Data_641_PCS1\NLP_project\PronounceAI\librispeech\LibriSpeech\train-clean-100\1069\133709\1069-133709-0023.flac_aug,live as you like best and your character will take care of itself most things are good for you the exceptions are very rare and a comfortable income's not one of them ralph paused smiling,74.19,0.0,0
E:\UMD\Data_641_PCS1\NLP_project\PronounceAI\librispeech\LibriSpeech\train-clean-100\1069\133709\1069-133709-0024.flac,isabel had listened quickly you've too much power of thought above all too much conscience ralph added it's out of all reason the number of things you think wrong put back your watch diet your fever,100.0,99.08,1
E:\UMD\Data_641_PCS1\NLP_project\PronounceAI\librispeech\LibriSpeech\train-clean-100\1069\133709\1069-133709-0024.flac_aug,isabel had listened quickly you've too much power of thought above all too much conscience ralph added it's out of all reason the number of things you think wrong put back your watch diet your fever,70.0,7.1,0
E:\UMD\Data_641_PCS1\NLP_project\PronounceAI\librispeech\LibriSpeech\train-clean-100\1069\133709\1069-133709-0025.flac,it's never wrong to do that she had listened eagerly as i say and it was her nature to understand quickly i wonder if you appreciate what you say if you do you take a great responsibility you frighten me a little,100.0,95.58,1
E:\UMD\Data_641_PCS1\NLP_project\PronounceAI\librispeech\LibriSpeech\train-clean-100\1069\133709\1069-133709-0025.flac_aug,it's never wrong to do that she had listened eagerly as i say and it was her nature to understand quickly i wonder if you appreciate what you say if you do you take a great responsibility you frighten me a little,80.0,6.56,0
E:\UMD\Data_641_PCS1\NLP_project\PronounceAI\librispeech\LibriSpeech\train-clean-100\1069\133709\1069-133709-0026.flac,but i think i'm right said ralph persisting in cheer all the same what you say is very true isabel pursued you could say nothing more true i'm absorbed in myself i look at life too much as a doctor's prescription,100.0,95.85,1
E:\UMD\Data_641_PCS1\NLP_project\PronounceAI\librispeech\LibriSpeech\train-clean-100\1069\133709\1069-133709-0026.flac_aug,but i think i'm right said ralph persisting in cheer all the same what you say is very true isabel pursued you could say nothing more true i'm absorbed in myself i look at life too much as a doctor's prescription,39.29,1.25,0
E:\UMD\Data_641_PCS1\NLP_project\PronounceAI\librispeech\LibriSpeech\train-clean-100\1069\133709\1069-133709-0027.flac,why indeed should we perpetually be thinking whether things are good for us as if we were patients lying in a hospital why should i be so afraid of not doing right as if it mattered to the world whether i do right or wrong,100.0,94.95,1
E:\UMD\Data_641_PCS1\NLP_project\PronounceAI\librispeech\LibriSpeech\train-clean-100\1069\133709\1069-133709-0027.flac_aug,why indeed should we perpetually be thinking whether things are good for us as if we were patients lying in a hospital why should i be so afraid of not doing right as if it mattered to the world whether i do right or wrong,80.0,4.25,0
E:\UMD\Data_641_PCS1\NLP_project\PronounceAI\librispeech\LibriSpeech\train-clean-100\1069\133709\1069-133709-0028.flac,you're a capital person to advise said ralph you take the wind out of my sails she looked at him as if she had not heard him though she was following out the train of reflexion which he himself had kindled,97.06,96.12,1
E:\UMD\Data_641_PCS1\NLP_project\PronounceAI\librispeech\LibriSpeech\train-clean-100\1069\133709\1069-133709-0028.flac_aug,you're a capital person to advise said ralph you take the wind out of my sails she looked at him as if she had not heard him though she was following out the train of reflexion which he himself had kindled,43.48,0.5,0
E:\UMD\Data_641_PCS1\NLP_project\PronounceAI\librispeech\LibriSpeech\train-clean-100\1069\133709\1069-133709-0029.flac,a large fortune means freedom and i'm afraid of that it's such a fine thing and one should make such a good use of it if one shouldn't one would be ashamed and one must keep thinking it's a constant effort,100.0,92.28,1
E:\UMD\Data_641_PCS1\NLP_project\PronounceAI\librispeech\LibriSpeech\train-clean-100\1069\133709\1069-133709-0029.flac_aug,a large fortune means freedom and i'm afraid of that it's such a fine thing and one should make such a good use of it if one shouldn't one would be ashamed and one must keep thinking it's a constant effort,79.31,10.92,0
E:\UMD\Data_641_PCS1\NLP_project\PronounceAI\librispeech\LibriSpeech\train-clean-100\1069\133709\1069-133709-0030.flac,i'm not sure it's not a greater happiness to be powerless for weak people i've no doubt it's a greater happiness for weak people the effort not to be contemptible must be great and how do you know i'm not weak isabel asked,100.0,93.01,1
E:\UMD\Data_641_PCS1\NLP_project\PronounceAI\librispeech\LibriSpeech\train-clean-100\1069\133709\1069-133709-0030.flac_aug,i'm not sure it's not a greater happiness to be powerless for weak people i've no doubt it's a greater happiness for weak people the effort not to be contemptible must be great and how do you know i'm not weak isabel asked,87.72,0.0,0
E:\UMD\Data_641_PCS1\NLP_project\PronounceAI\librispeech\LibriSpeech\train-clean-100\1069\133709\1069-133709-0031.flac,the gate of admirations italy as yet imperfectly seen and felt stretched before her as a land of promise a land in which a love of the beautiful might be comforted by endless knowledge,100.0,95.92,1
E:\UMD\Data_641_PCS1\NLP_project\PronounceAI\librispeech\LibriSpeech\train-clean-100\1069\133709\1069-133709-0031.flac_aug,the gate of admirations italy as yet imperfectly seen and felt stretched before her as a land of promise a land in which a love of the beautiful might be comforted by endless knowledge,60.71,18.84,0
E:\UMD\Data_641_PCS1\NLP_project\PronounceAI\librispeech\LibriSpeech\train-clean-100\1069\133709\1069-133709-0032.flac,whenever she strolled upon the shore with her cousin and she was the companion of his daily walk she looked across the sea with longing eyes to where she knew that genoa lay,100.0,96.84,1
E:\UMD\Data_641_PCS1\NLP_project\PronounceAI\librispeech\LibriSpeech\train-clean-100\1069\133709\1069-133709-0032.flac_aug,whenever she strolled upon the shore with her cousin and she was the companion of his daily walk she looked across the sea with longing eyes to where she knew that genoa lay,83.64,0.0,0
E:\UMD\Data_641_PCS1\NLP_project\PronounceAI\librispeech\LibriSpeech\train-clean-100\1069\133709\1069-133709-0033.flac,she was glad to pause however on the edge of this larger adventure there was such a thrill even in the preliminary hovering it affected her moreover as a peaceful interlude as a hush of the drum and fife in a career which she had little warrant,100.0,91.33,1
E:\UMD\Data_641_PCS1\NLP_project\PronounceAI\librispeech\LibriSpeech\train-clean-100\1069\133709\1069-133709-0033.flac_aug,she was glad to pause however on the edge of this larger adventure there was such a thrill even in the preliminary hovering it affected her moreover as a peaceful interlude as a hush of the drum and fife in a career which she had little warrant,75.0,19.42,0
E:\UMD\Data_641_PCS1\NLP_project\PronounceAI\librispeech\LibriSpeech\train-clean-100\1069\133709\1069-133709-0034.flac,as yet for regarding as agitated but which nevertheless she was constantly picturing to herself by the light of her hopes her fears her fancies her ambitions her predilections,100.0,94.93,1
E:\UMD\Data_641_PCS1\NLP_project\PronounceAI\librispeech\LibriSpeech\train-clean-100\1069\133709\1069-133709-0034.flac_aug,as yet for regarding as agitated but which nevertheless she was constantly picturing to herself by the light of her hopes her fears her fancies her ambitions her predilections,85.11,0.0,0
E:\UMD\Data_641_PCS1\NLP_project\PronounceAI\librispeech\LibriSpeech\train-clean-100\1069\133709\1069-133709-0035.flac,madame merle had predicted to missus touchett that after their young friend had put her hand into her pocket half a dozen times she would be reconciled to the idea that it had been filled by a munificent uncle,100.0,90.68,1
E:\UMD\Data_641_PCS1\NLP_project\PronounceAI\librispeech\LibriSpeech\train-clean-100\1069\133709\1069-133709-0035.flac_aug,madame merle had predicted to missus touchett that after their young friend had put her hand into her pocket half a dozen times she would be reconciled to the idea that it had been filled by a munificent uncle,75.0,0.0,0
E:\UMD\Data_641_PCS1\NLP_project\PronounceAI\librispeech\LibriSpeech\train-clean-100\1069\133709\1069-133709-0036.flac,grown used to feeling rich the consciousness in question found a proper place in rather a dense little group of ideas that she had about herself and often it was by no means the least agreeable,100.0,97.54,1
E:\UMD\Data_641_PCS1\NLP_project\PronounceAI\librispeech\LibriSpeech\train-clean-100\1069\133709\1069-133709-0036.flac_aug,grown used to feeling rich the consciousness in question found a proper place in rather a dense little group of ideas that she had about herself and often it was by no means the least agreeable,100.0,51.51,0
E:\UMD\Data_641_PCS1\NLP_project\PronounceAI\librispeech\LibriSpeech\train-clean-100\1069\133709\1069-133709-0037.flac,it took perpetually for granted a thousand good intentions she lost herself in a maze of visions the fine things to be done by a rich independent generous girl who took a large human view of occasions and obligations,100.0,94.21,1
E:\UMD\Data_641_PCS1\NLP_project\PronounceAI\librispeech\LibriSpeech\train-clean-100\1069\133709\1069-133709-0037.flac_aug,it took perpetually for granted a thousand good intentions she lost herself in a maze of visions the fine things to be done by a rich independent generous girl who took a large human view of occasions and obligations,91.18,0.0,0
E:\UMD\Data_641_PCS1\NLP_project\PronounceAI\librispeech\LibriSpeech\train-clean-100\1069\133709\1069-133709-0038.flac,were sublime in the mass her fortune therefore became to her mind a part of her better self it gave her importance gave her even to her own imagination a certain ideal beauty,100.0,98.03,1
E:\UMD\Data_641_PCS1\NLP_project\PronounceAI\librispeech\LibriSpeech\train-clean-100\1069\133709\1069-133709-0038.flac_aug,were sublime in the mass her fortune therefore became to her mind a part of her better self it gave her importance gave her even to her own imagination a certain ideal beauty,39.22,2.0,0
E:\UMD\Data_641_PCS1\NLP_project\PronounceAI\librispeech\LibriSpeech\train-clean-100\1069\133709\1069-133709-0039.flac,which in spite of increasing distance were still sufficiently salient they were recognisable without difficulty,100.0,93.94,1
E:\UMD\Data_641_PCS1\NLP_project\PronounceAI\librispeech\LibriSpeech\train-clean-100\1069\133709\1069-133709-0039.flac_aug,which in spite of increasing distance were still sufficiently salient they were recognisable without difficulty,100.0,33.22,0
E:\UMD\Data_641_PCS1\NLP_project\PronounceAI\librispeech\LibriSpeech\train-clean-100\1069\133709\1069-133709-0040.flac,she could summon back her faith in case of need with an effort but the effort was often painful even when the reality had been pleasant the past was apt to look dead and its revival rather to show the,100.0,96.14,1
E:\UMD\Data_641_PCS1\NLP_project\PronounceAI\librispeech\LibriSpeech\train-clean-100\1069\133709\1069-133709-0040.flac_aug,she could summon back her faith in case of need with an effort but the effort was often painful even when the reality had been pleasant the past was apt to look dead and its revival rather to show the,49.23,1.25,0
E:\UMD\Data_641_PCS1\NLP_project\PronounceAI\librispeech\LibriSpeech\train-clean-100\1069\133709\1069-133709-0041.flac,livid light of a judgement day the girl moreover was not prone to take for granted that she herself lived in the mind of others,91.3,94.36,1
E:\UMD\Data_641_PCS1\NLP_project\PronounceAI\librispeech\LibriSpeech\train-clean-100\1069\133709\1069-133709-0041.flac_aug,livid light of a judgement day the girl moreover was not prone to take for granted that she herself lived in the mind of others,40.91,2.5,0
E:\UMD\Data_641_PCS1\NLP_project\PronounceAI\librispeech\LibriSpeech\train-clean-100\1069\133709\1069-133709-0042.flac,she was capable of being wounded by the discovery that she had been forgotten but of all liberties the one she herself found sweetest was the liberty to forget she had not given her last shilling sentimentally speaking,100.0,99.0,1
E:\UMD\Data_641_PCS1\NLP_project\PronounceAI\librispeech\LibriSpeech\train-clean-100\1069\133709\1069-133709-0042.flac_aug,she was capable of being wounded by the discovery that she had been forgotten but of all liberties the one she herself found sweetest was the liberty to forget she had not given her last shilling sentimentally speaking,77.97,0.0,0
E:\UMD\Data_641_PCS1\NLP_project\PronounceAI\librispeech\LibriSpeech\train-clean-100\1069\133709\1069-133709-0043.flac,either to caspar goodwood or to lord warburton and yet couldn't but feel them appreciably in debt to her she had of course reminded herself that she was to hear from mister goodwood again but this was not to be for another year and a half,100.0,96.82,1
E:\UMD\Data_641_PCS1\NLP_project\PronounceAI\librispeech\LibriSpeech\train-clean-100\1069\133709\1069-133709-0043.flac_aug,either to caspar goodwood or to lord warburton and yet couldn't but feel them appreciably in debt to her she had of course reminded herself that she was to hear from mister goodwood again but this was not to be for another year and a half,83.78,2.79,0
E:\UMD\Data_641_PCS1\NLP_project\PronounceAI\librispeech\LibriSpeech\train-clean-100\1069\133709\1069-133709-0044.flac,and in that time a great many things might happen she had indeed failed to say to herself that her american suitor might find some other girl more comfortable to woo because though it was certain many other girls would prove so,100.0,95.53,1
E:\UMD\Data_641_PCS1\NLP_project\PronounceAI\librispeech\LibriSpeech\train-clean-100\1069\133709\1069-133709-0044.flac_aug,and in that time a great many things might happen she had indeed failed to say to herself that her american suitor might find some other girl more comfortable to woo because though it was certain many other girls would prove so,63.77,11.48,0
E:\UMD\Data_641_PCS1\NLP_project\PronounceAI\librispeech\LibriSpeech\train-clean-100\1069\133709\1069-133709-0045.flac,she had not the smallest belief that this merit would attract him but she reflected that she herself might know the humiliation of change might really for that matter come to the end of the things that were not caspar,100.0,93.93,1
E:\UMD\Data_641_PCS1\NLP_project\PronounceAI\librispeech\LibriSpeech\train-clean-100\1069\133709\1069-133709-0045.flac_aug,she had not the smallest belief that this merit would attract him but she reflected that she herself might know the humiliation of change might really for that matter come to the end of the things that were not caspar,76.19,5.25,0
E:\UMD\Data_641_PCS1\NLP_project\PronounceAI\librispeech\LibriSpeech\train-clean-100\1069\133709\1069-133709-0046.flac,a clear and quiet harbour enclosed by a brave granite breakwater but that day could only come in its order and she couldn't wait for it with folded hands that lord warburton should continue to cherish her image,100.0,97.04,1
E:\UMD\Data_641_PCS1\NLP_project\PronounceAI\librispeech\LibriSpeech\train-clean-100\1069\133709\1069-133709-0046.flac_aug,a clear and quiet harbour enclosed by a brave granite breakwater but that day could only come in its order and she couldn't wait for it with folded hands that lord warburton should continue to cherish her image,94.29,42.38,0
E:\UMD\Data_641_PCS1\NLP_project\PronounceAI\librispeech\LibriSpeech\train-clean-100\1069\133709\1069-133709-0047.flac,seemed to her more than a noble humility or an enlightened pride ought to wish to reckon with she had so definitely undertaken to preserve no record of what had passed between them that a corresponding effort on his own part,100.0,94.36,1
E:\UMD\Data_641_PCS1\NLP_project\PronounceAI\librispeech\LibriSpeech\train-clean-100\1069\133709\1069-133709-0047.flac_aug,seemed to her more than a noble humility or an enlightened pride ought to wish to reckon with she had so definitely undertaken to preserve no record of what had passed between them that a corresponding effort on his own part,72.0,0.5,0
E:\UMD\Data_641_PCS1\NLP_project\PronounceAI\librispeech\LibriSpeech\train-clean-100\1069\133709\1069-133709-0048.flac,would be eminently just this was not as it may seem merely a theory tinged with sarcasm isabel candidly believed that his lordship would in the usual phrase get over his disappointment,100.0,97.71,1
E:\UMD\Data_641_PCS1\NLP_project\PronounceAI\librispeech\LibriSpeech\train-clean-100\1069\133709\1069-133709-0048.flac_aug,would be eminently just this was not as it may seem merely a theory tinged with sarcasm isabel candidly believed that his lordship would in the usual phrase get over his disappointment,33.33,2.5,0
E:\UMD\Data_641_PCS1\NLP_project\PronounceAI\librispeech\LibriSpeech\train-clean-100\1069\133709\1069-133709-0049.flac,he had been deeply affected this she believed and she was still capable of deriving pleasure from the belief but it was absurd that a man both so intelligent and so honourably dealt with,100.0,88.36,1
E:\UMD\Data_641_PCS1\NLP_project\PronounceAI\librispeech\LibriSpeech\train-clean-100\1069\133709\1069-133709-0049.flac_aug,he had been deeply affected this she believed and she was still capable of deriving pleasure from the belief but it was absurd that a man both so intelligent and so honourably dealt with,91.53,25.35,0
E:\UMD\Data_641_PCS1\NLP_project\PronounceAI\librispeech\LibriSpeech\train-clean-100\1069\133709\1069-133709-0050.flac,should cultivate a scar out of proportion to any wound englishmen liked moreover to be comfortable said isabel and there could be little comfort for lord warburton in the long run in brooding over a self sufficient american girl,100.0,93.33,1
E:\UMD\Data_641_PCS1\NLP_project\PronounceAI\librispeech\LibriSpeech\train-clean-100\1069\133709\1069-133709-0050.flac_aug,should cultivate a scar out of proportion to any wound englishmen liked moreover to be comfortable said isabel and there could be little comfort for lord warburton in the long run in brooding over a self sufficient american girl,72.22,0.0,0
E:\UMD\Data_641_PCS1\NLP_project\PronounceAI\librispeech\LibriSpeech\train-clean-100\1069\133709\1069-133709-0051.flac,who had been but a casual acquaintance she flattered herself that should she hear from one day to another that he had married some young woman of his own country who had done more to deserve him,100.0,79.95,1
E:\UMD\Data_641_PCS1\NLP_project\PronounceAI\librispeech\LibriSpeech\train-clean-100\1069\133709\1069-133709-0051.flac_aug,who had been but a casual acquaintance she flattered herself that should she hear from one day to another that he had married some young woman of his own country who had done more to deserve him,90.32,6.27,0
E:\UMD\Data_641_PCS1\NLP_project\PronounceAI\librispeech\LibriSpeech\train-clean-100\1069\133709\1069-133709-0052.flac,she should receive the news without a pang even of surprise it would have proved that he believed she was firm which was what she wished to seem to him,100.0,93.52,1
E:\UMD\Data_641_PCS1\NLP_project\PronounceAI\librispeech\LibriSpeech\train-clean-100\1069\133709\1069-133709-0052.flac_aug,she should receive the news without a pang even of surprise it would have proved that he believed she was firm which was what she wished to seem to him,94.12,42.0,0
E:\UMD\Data_641_PCS1\NLP_project\PronounceAI\librispeech\LibriSpeech\train-clean-100\1081\125237\1081-125237-0000.flac,before the sittings of the great assembly had come to an end a young statesman destined to play the leading part in the government of the dutch republic during two decades had already made his mark,100.0,96.88,1
E:\UMD\Data_641_PCS1\NLP_project\PronounceAI\librispeech\LibriSpeech\train-clean-100\1081\125237\1081-125237-0000.flac_aug,before the sittings of the great assembly had come to an end a young statesman destined to play the leading part in the government of the dutch republic during two decades had already made his mark,35.29,0.75,0
E:\UMD\Data_641_PCS1\NLP_project\PronounceAI\librispeech\LibriSpeech\train-clean-100\1081\125237\1081-125237-0001.flac,his readiness and persuasiveness of speech his industry and his gifts at once of swift insight and orderly thoroughness,92.86,97.61,1
E:\UMD\Data_641_PCS1\NLP_project\PronounceAI\librispeech\LibriSpeech\train-clean-100\1081\125237\1081-125237-0001.flac_aug,his readiness and persuasiveness of speech his industry and his gifts at once of swift insight and orderly thoroughness,35.29,0.75,0
E:\UMD\Data_641_PCS1\NLP_project\PronounceAI\librispeech\LibriSpeech\train-clean-100\1081\125237\1081-125237-0002.flac,but the old sores remained open moreover the refusal of the states general to receive the parliamentary envoys the murder of doreslaer and the protection afforded to royalist refugees had been additional causes of resentment,100.0,98.36,1
E:\UMD\Data_641_PCS1\NLP_project\PronounceAI\librispeech\LibriSpeech\train-clean-100\1081\125237\1081-125237-0002.flac_aug,but the old sores remained open moreover the refusal of the states general to receive the parliamentary envoys the murder of doreslaer and the protection afforded to royalist refugees had been additional causes of resentment,83.64,12.2,0
E:\UMD\Data_641_PCS1\NLP_project\PronounceAI\librispeech\LibriSpeech\train-clean-100\1081\125237\1081-125237-0003.flac,but the english council had not felt strong enough to take action the death of the prince of orange,100.0,90.84,1
E:\UMD\Data_641_PCS1\NLP_project\PronounceAI\librispeech\LibriSpeech\train-clean-100\1081\125237\1081-125237-0003.flac_aug,but the english council had not felt strong enough to take action the death of the prince of orange,100.0,0.0,0
E:\UMD\Data_641_PCS1\NLP_project\PronounceAI\librispeech\LibriSpeech\train-clean-100\1081\125237\1081-125237-0004.flac,appeared at first to open out a prospect of friendlier relations between the two neighbouring republics in january sixteen fifty one the great assembly formally recognised the commonwealth,96.15,97.89,1
E:\UMD\Data_641_PCS1\NLP_project\PronounceAI\librispeech\LibriSpeech\train-clean-100\1081\125237\1081-125237-0004.flac_aug,appeared at first to open out a prospect of friendlier relations between the two neighbouring republics in january sixteen fifty one the great assembly formally recognised the commonwealth,25.0,13.65,0
E:\UMD\Data_641_PCS1\NLP_project\PronounceAI\librispeech\LibriSpeech\train-clean-100\1081\125237\1081-125237-0005.flac,and determined to send back to his old post in london the veteran ambassador joachimi who had been recalled the english government on their part anticipated his return by despatching in march oliver saint john and walter strickland,96.97,97.17,1
E:\UMD\Data_641_PCS1\NLP_project\PronounceAI\librispeech\LibriSpeech\train-clean-100\1081\125237\1081-125237-0005.flac_aug,and determined to send back to his old post in london the veteran ambassador joachimi who had been recalled the english government on their part anticipated his return by despatching in march oliver saint john and walter strickland,92.54,0.0,0
E:\UMD\Data_641_PCS1\NLP_project\PronounceAI\librispeech\LibriSpeech\train-clean-100\1081\125237\1081-125237-0006.flac,and saint john and strickland greeted with loud cries of regicides and many abusive epithets remembering the fate of doreslaer were in fear of their lives,100.0,97.97,1
E:\UMD\Data_641_PCS1\NLP_project\PronounceAI\librispeech\LibriSpeech\train-clean-100\1081\125237\1081-125237-0006.flac_aug,and saint john and strickland greeted with loud cries of regicides and many abusive epithets remembering the fate of doreslaer were in fear of their lives,21.74,3.69,0
E:\UMD\Data_641_PCS1\NLP_project\PronounceAI\librispeech\LibriSpeech\train-clean-100\1081\125237\1081-125237-0007.flac,on april fourth a conference was opened between the envoys and six commissioners appointed by the states to consider the proposals of the english government for a more strict and intimate alliance and union between the two states the dutch quickly perceived,96.88,97.41,1
E:\UMD\Data_641_PCS1\NLP_project\PronounceAI\librispeech\LibriSpeech\train-clean-100\1081\125237\1081-125237-0007.flac_aug,on april fourth a conference was opened between the envoys and six commissioners appointed by the states to consider the proposals of the english government for a more strict and intimate alliance and union between the two states the dutch quickly perceived,15.62,1.75,0
E:\UMD\Data_641_PCS1\NLP_project\PronounceAI\librispeech\LibriSpeech\train-clean-100\1081\125237\1081-125237-0008.flac,that what the english really wanted was nothing less than such a binding alliance or rather coalition as would practically merge the lesser state in the greater but the very idea of such a loss of the independence that they had only just won was to the netherlanders unthinkable,100.0,97.39,1
E:\UMD\Data_641_PCS1\NLP_project\PronounceAI\librispeech\LibriSpeech\train-clean-100\1081\125237\1081-125237-0008.flac_aug,that what the english really wanted was nothing less than such a binding alliance or rather coalition as would practically merge the lesser state in the greater but the very idea of such a loss of the independence that they had only just won was to the netherlanders unthinkable,41.98,0.75,0
E:\UMD\Data_641_PCS1\NLP_project\PronounceAI\librispeech\LibriSpeech\train-clean-100\1081\125237\1081-125237-0009.flac,the negotiations came to a deadlock,100.0,77.86,1
E:\UMD\Data_641_PCS1\NLP_project\PronounceAI\librispeech\LibriSpeech\train-clean-100\1081\125237\1081-125237-0009.flac_aug,the negotiations came to a deadlock,13.33,1.0,0
E:\UMD\Data_641_PCS1\NLP_project\PronounceAI\librispeech\LibriSpeech\train-clean-100\1081\125237\1081-125237-0010.flac,foremost amongst them prince edward son of the queen of bohemia the parliament threatened to recall the envoys but consented that they should remain on the undertaking of the estates of holland to protect them from further attacks and to punish the offenders,96.88,95.19,1
E:\UMD\Data_641_PCS1\NLP_project\PronounceAI\librispeech\LibriSpeech\train-clean-100\1081\125237\1081-125237-0010.flac_aug,foremost amongst them prince edward son of the queen of bohemia the parliament threatened to recall the envoys but consented that they should remain on the undertaking of the estates of holland to protect them from further attacks and to punish the offenders,80.0,23.13,0
E:\UMD\Data_641_PCS1\NLP_project\PronounceAI\librispeech\LibriSpeech\train-clean-100\1081\125237\1081-125237-0011.flac,new proposals were accordingly made for an offensive and defensive alliance without any suggestion of a union coupled with the condition that both states should bind themselves not to allow the presence within their boundaries of avowed enemies of the other in other words,100.0,98.64,1
E:\UMD\Data_641_PCS1\NLP_project\PronounceAI\librispeech\LibriSpeech\train-clean-100\1081\125237\1081-125237-0011.flac_aug,new proposals were accordingly made for an offensive and defensive alliance without any suggestion of a union coupled with the condition that both states should bind themselves not to allow the presence within their boundaries of avowed enemies of the other in other words,43.84,22.92,0
E:\UMD\Data_641_PCS1\NLP_project\PronounceAI\librispeech\LibriSpeech\train-clean-100\1081\125237\1081-125237-0012.flac,the expulsion of the members and adherents of the house of stewart including the princess royal and the queen of bohemia with their children,100.0,97.54,1
E:\UMD\Data_641_PCS1\NLP_project\PronounceAI\librispeech\LibriSpeech\train-clean-100\1081\125237\1081-125237-0012.flac_aug,the expulsion of the members and adherents of the house of stewart including the princess royal and the queen of bohemia with their children,93.75,39.91,0
E:\UMD\Data_641_PCS1\NLP_project\PronounceAI\librispeech\LibriSpeech\train-clean-100\1081\125237\1081-125237-0013.flac,even the estates of holland dared not consider such terms and the states general would have angrily rejected them after some further parleying therefore about fisheries and trade restrictions it was felt that no agreement could be reached,97.22,98.56,1
E:\UMD\Data_641_PCS1\NLP_project\PronounceAI\librispeech\LibriSpeech\train-clean-100\1081\125237\1081-125237-0013.flac_aug,even the estates of holland dared not consider such terms and the states general would have angrily rejected them after some further parleying therefore about fisheries and trade restrictions it was felt that no agreement could be reached,75.0,3.62,0
E:\UMD\Data_641_PCS1\NLP_project\PronounceAI\librispeech\LibriSpeech\train-clean-100\1081\125237\1081-125237-0014.flac,and saint john and strickland returned to england on july thirty first sixteen fifty one their failure created a very bad impression upon the parliament all the old complaints against the dutch were revived and,100.0,97.73,1
E:\UMD\Data_641_PCS1\NLP_project\PronounceAI\librispeech\LibriSpeech\train-clean-100\1081\125237\1081-125237-0014.flac_aug,and saint john and strickland returned to england on july thirty first sixteen fifty one their failure created a very bad impression upon the parliament all the old complaints against the dutch were revived and,66.67,1.75,0
E:\UMD\Data_641_PCS1\NLP_project\PronounceAI\librispeech\LibriSpeech\train-clean-100\1081\125237\1081-125237-0015.flac,as they had refused the offer of friendship that had been made to them it was resolved that strong measures should be taken to obtain redress for past grievances and for the protection of english trade interests at the instance of saint john,100.0,97.16,1
E:\UMD\Data_641_PCS1\NLP_project\PronounceAI\librispeech\LibriSpeech\train-clean-100\1081\125237\1081-125237-0015.flac_aug,as they had refused the offer of friendship that had been made to them it was resolved that strong measures should be taken to obtain redress for past grievances and for the protection of english trade interests at the instance of saint john,22.22,0.38,0
E:\UMD\Data_641_PCS1\NLP_project\PronounceAI\librispeech\LibriSpeech\train-clean-100\1081\125237\1081-125237-0016.flac,the famous navigation act was passed by the parliament october ninth sixteen fifty one this act struck a mortal blow at the dutch carrying trade by forbidding the importation of foreign goods into english ports except in english bottoms or in those of the countries which had produced the goods,100.0,97.45,1
E:\UMD\Data_641_PCS1\NLP_project\PronounceAI\librispeech\LibriSpeech\train-clean-100\1081\125237\1081-125237-0016.flac_aug,the famous navigation act was passed by the parliament october ninth sixteen fifty one this act struck a mortal blow at the dutch carrying trade by forbidding the importation of foreign goods into english ports except in english bottoms or in those of the countries which had produced the goods,78.95,0.0,0
E:\UMD\Data_641_PCS1\NLP_project\PronounceAI\librispeech\LibriSpeech\train-clean-100\1081\125237\1081-125237-0017.flac,scarcely less injurious was the prohibition to aliens to fish in british waters and the withdrawal of the rights based on the magnus intercursus for the maintenance of which dutch statesmen had so long and strenuously fought,100.0,95.74,1
E:\UMD\Data_641_PCS1\NLP_project\PronounceAI\librispeech\LibriSpeech\train-clean-100\1081\125237\1081-125237-0017.flac_aug,scarcely less injurious was the prohibition to aliens to fish in british waters and the withdrawal of the rights based on the magnus intercursus for the maintenance of which dutch statesmen had so long and strenuously fought,100.0,0.0,0
E:\UMD\Data_641_PCS1\NLP_project\PronounceAI\librispeech\LibriSpeech\train-clean-100\1081\125237\1081-125237-0018.flac,there was consternation in holland and the states general determined to send a special embassy to london,100.0,96.62,1
E:\UMD\Data_641_PCS1\NLP_project\PronounceAI\librispeech\LibriSpeech\train-clean-100\1081\125237\1081-125237-0018.flac_aug,there was consternation in holland and the states general determined to send a special embassy to london,38.71,0.75,0
E:\UMD\Data_641_PCS1\NLP_project\PronounceAI\librispeech\LibriSpeech\train-clean-100\1081\125237\1081-125237-0019.flac,a man in whose ripe judgment they had confidence to the office of council pensionary,100.0,95.51,1
E:\UMD\Data_641_PCS1\NLP_project\PronounceAI\librispeech\LibriSpeech\train-clean-100\1081\125237\1081-125237-0019.flac_aug,a man in whose ripe judgment they had confidence to the office of council pensionary,71.43,27.44,0
E:\UMD\Data_641_PCS1\NLP_project\PronounceAI\librispeech\LibriSpeech\train-clean-100\1081\125237\1081-125237-0020.flac,who having been given letters of marque to prey upon french commerce,100.0,78.91,1
E:\UMD\Data_641_PCS1\NLP_project\PronounceAI\librispeech\LibriSpeech\train-clean-100\1081\125237\1081-125237-0020.flac_aug,who having been given letters of marque to prey upon french commerce,91.67,0.25,0
E:\UMD\Data_641_PCS1\NLP_project\PronounceAI\librispeech\LibriSpeech\train-clean-100\1081\125237\1081-125237-0021.flac,the english government however met the dutch complaints by raking up the long list of grievances that had stirred up a bitter feeling of popular hatred against the united provinces in england and by demanding reparation,100.0,97.7,1
E:\UMD\Data_641_PCS1\NLP_project\PronounceAI\librispeech\LibriSpeech\train-clean-100\1081\125237\1081-125237-0021.flac_aug,the english government however met the dutch complaints by raking up the long list of grievances that had stirred up a bitter feeling of popular hatred against the united provinces in england and by demanding reparation,20.69,2.25,0
E:\UMD\Data_641_PCS1\NLP_project\PronounceAI\librispeech\LibriSpeech\train-clean-100\1081\125237\1081-125237-0022.flac,they further demanded that dutch commanders should acknowledge england's sovereignty by striking flag and sail and by firing a salute whenever any of their squadrons met english ships in the narrow seas it was these last two questions,100.0,97.45,1
E:\UMD\Data_641_PCS1\NLP_project\PronounceAI\librispeech\LibriSpeech\train-clean-100\1081\125237\1081-125237-0022.flac_aug,they further demanded that dutch commanders should acknowledge england's sovereignty by striking flag and sail and by firing a salute whenever any of their squadrons met english ships in the narrow seas it was these last two questions,100.0,0.0,0
E:\UMD\Data_641_PCS1\NLP_project\PronounceAI\librispeech\LibriSpeech\train-clean-100\1081\125237\1081-125237-0023.flac,the right of search and the striking of the flag that were to be the real causes of the outbreak of a war that was desired by neither of the two governments but popular feeling and the course of events was too strong for them the news of the seizure of their vessels,100.0,97.93,1
E:\UMD\Data_641_PCS1\NLP_project\PronounceAI\librispeech\LibriSpeech\train-clean-100\1081\125237\1081-125237-0023.flac_aug,the right of search and the striking of the flag that were to be the real causes of the outbreak of a war that was desired by neither of the two governments but popular feeling and the course of events was too strong for them the news of the seizure of their vessels,100.0,17.99,0
E:\UMD\Data_641_PCS1\NLP_project\PronounceAI\librispeech\LibriSpeech\train-clean-100\1081\125237\1081-125237-0024.flac,not merely by privateers but by an english squadron under ayscue in the west indies had caused intense indignation and alarm in holland and especially in amsterdam pressure was brought to bear on the states general and the admiralties,100.0,99.09,1
E:\UMD\Data_641_PCS1\NLP_project\PronounceAI\librispeech\LibriSpeech\train-clean-100\1081\125237\1081-125237-0024.flac_aug,not merely by privateers but by an english squadron under ayscue in the west indies had caused intense indignation and alarm in holland and especially in amsterdam pressure was brought to bear on the states general and the admiralties,9.52,2.0,0
E:\UMD\Data_641_PCS1\NLP_project\PronounceAI\librispeech\LibriSpeech\train-clean-100\1081\125237\1081-125237-0025.flac,who in pursuance of economy had reduced the fleet to seventy five ships it was resolved therefore on february twenty second,100.0,95.16,1
E:\UMD\Data_641_PCS1\NLP_project\PronounceAI\librispeech\LibriSpeech\train-clean-100\1081\125237\1081-125237-0025.flac_aug,who in pursuance of economy had reduced the fleet to seventy five ships it was resolved therefore on february twenty second,35.56,0.75,0
E:\UMD\Data_641_PCS1\NLP_project\PronounceAI\librispeech\LibriSpeech\train-clean-100\1081\125237\1081-125237-0026.flac,the council of state on hearing of this began also to make ready for eventualities negotiations were still proceeding between the two countries when martin tromp the victor of the battle of the downs,100.0,97.1,1
E:\UMD\Data_641_PCS1\NLP_project\PronounceAI\librispeech\LibriSpeech\train-clean-100\1081\125237\1081-125237-0026.flac_aug,the council of state on hearing of this began also to make ready for eventualities negotiations were still proceeding between the two countries when martin tromp the victor of the battle of the downs,41.38,0.5,0
E:\UMD\Data_641_PCS1\NLP_project\PronounceAI\librispeech\LibriSpeech\train-clean-100\1081\125237\1081-125237-0027.flac,now lieutenant admiral of holland was sent to sea with fifty ships and instructions to protect dutch merchantmen from interference and to see that the states suffered no affront nothing was actually said about the striking of the flag,100.0,97.54,1
E:\UMD\Data_641_PCS1\NLP_project\PronounceAI\librispeech\LibriSpeech\train-clean-100\1081\125237\1081-125237-0027.flac_aug,now lieutenant admiral of holland was sent to sea with fifty ships and instructions to protect dutch merchantmen from interference and to see that the states suffered no affront nothing was actually said about the striking of the flag,21.54,4.73,0
E:\UMD\Data_641_PCS1\NLP_project\PronounceAI\librispeech\LibriSpeech\train-clean-100\1081\125237\1081-125237-0028.flac,it came suddenly through a misunderstanding the dutch admiral while cruising past dover met on may twenty ninth fifteen english ships under blake,100.0,97.4,1
E:\UMD\Data_641_PCS1\NLP_project\PronounceAI\librispeech\LibriSpeech\train-clean-100\1081\125237\1081-125237-0028.flac_aug,it came suddenly through a misunderstanding the dutch admiral while cruising past dover met on may twenty ninth fifteen english ships under blake,69.57,4.78,0
E:\UMD\Data_641_PCS1\NLP_project\PronounceAI\librispeech\LibriSpeech\train-clean-100\1081\125237\1081-125237-0029.flac,tromp declared that he had given orders to strike the flag but that blake again fired before there was time to carry them out be this as it may the two fleets were soon engaged in a regular fight and the english being reinforced tromp withdrew at nightfall,100.0,89.09,1
E:\UMD\Data_641_PCS1\NLP_project\PronounceAI\librispeech\LibriSpeech\train-clean-100\1081\125237\1081-125237-0029.flac_aug,tromp declared that he had given orders to strike the flag but that blake again fired before there was time to carry them out be this as it may the two fleets were soon engaged in a regular fight and the english being reinforced tromp withdrew at nightfall,96.47,19.95,0
E:\UMD\Data_641_PCS1\NLP_project\PronounceAI\librispeech\LibriSpeech\train-clean-100\1081\125237\1081-125237-0030.flac,to the french coast having lost two ships great was the anger aroused in england where the dutch were universally regarded as the aggressors in the netherlands where the peace party was strong many were disposed to blame tromp despite his protests,100.0,96.75,1
E:\UMD\Data_641_PCS1\NLP_project\PronounceAI\librispeech\LibriSpeech\train-clean-100\1081\125237\1081-125237-0030.flac_aug,to the french coast having lost two ships great was the anger aroused in england where the dutch were universally regarded as the aggressors in the netherlands where the peace party was strong many were disposed to blame tromp despite his protests,89.23,38.46,0
E:\UMD\Data_641_PCS1\NLP_project\PronounceAI\librispeech\LibriSpeech\train-clean-100\1081\125237\1081-125237-0031.flac,adrian pauw himself left hastily for london john de witt being appointed to act as his deputy during his absence pauw's strenuous efforts however to maintain peace were all in vain despite the strong leanings of cromwell towards a peaceful solution,94.74,96.91,1
E:\UMD\Data_641_PCS1\NLP_project\PronounceAI\librispeech\LibriSpeech\train-clean-100\1081\125237\1081-125237-0031.flac_aug,adrian pauw himself left hastily for london john de witt being appointed to act as his deputy during his absence pauw's strenuous efforts however to maintain peace were all in vain despite the strong leanings of cromwell towards a peaceful solution,80.52,0.0,0
E:\UMD\Data_641_PCS1\NLP_project\PronounceAI\librispeech\LibriSpeech\train-clean-100\1081\125237\1081-125237-0032.flac,but popular feeling on both sides was now aroused,100.0,93.52,1
E:\UMD\Data_641_PCS1\NLP_project\PronounceAI\librispeech\LibriSpeech\train-clean-100\1081\125237\1081-125237-0032.flac_aug,but popular feeling on both sides was now aroused,100.0,1.0,0
E:\UMD\Data_641_PCS1\NLP_project\PronounceAI\librispeech\LibriSpeech\train-clean-100\1081\125237\1081-125237-0033.flac,if humiliating terms were submitted to stiffened their attitude the result was that the envoys left london on june thirtieth sixteen fifty two and war was declared the dutch statesmen who sought to avoid hostilities were right,100.0,96.28,1
E:\UMD\Data_641_PCS1\NLP_project\PronounceAI\librispeech\LibriSpeech\train-clean-100\1081\125237\1081-125237-0033.flac_aug,if humiliating terms were submitted to stiffened their attitude the result was that the envoys left london on june thirtieth sixteen fifty two and war was declared the dutch statesmen who sought to avoid hostilities were right,89.23,9.2,0
E:\UMD\Data_641_PCS1\NLP_project\PronounceAI\librispeech\LibriSpeech\train-clean-100\1081\125237\1081-125237-0034.flac,all the advantages were on the side of their enemies the dutch merchant fleets covered the seas and the welfare of the land depended on commerce the english had little to lose commercially,100.0,96.78,1
E:\UMD\Data_641_PCS1\NLP_project\PronounceAI\librispeech\LibriSpeech\train-clean-100\1081\125237\1081-125237-0034.flac_aug,all the advantages were on the side of their enemies the dutch merchant fleets covered the seas and the welfare of the land depended on commerce the english had little to lose commercially,34.78,19.4,0
E:\UMD\Data_641_PCS1\NLP_project\PronounceAI\librispeech\LibriSpeech\train-clean-100\1081\125237\1081-125237-0035.flac,was superior in almost all other respects the stuarts had devoted great attention to the fleet and would have done more but for lack of means charles much abused ship money was employed by him for the creation of the first english professional navy,100.0,96.32,1
E:\UMD\Data_641_PCS1\NLP_project\PronounceAI\librispeech\LibriSpeech\train-clean-100\1081\125237\1081-125237-0035.flac_aug,was superior in almost all other respects the stuarts had devoted great attention to the fleet and would have done more but for lack of means charles much abused ship money was employed by him for the creation of the first english professional navy,50.67,7.24,0
E:\UMD\Data_641_PCS1\NLP_project\PronounceAI\librispeech\LibriSpeech\train-clean-100\1081\125237\1081-125237-0036.flac,it had been largely increased by the parliament after sixteen forty eight and its generals blake penn and ayscue had already acquired much valuable experience in their encounters with the royalist squadron under prince rupert,100.0,97.78,1
E:\UMD\Data_641_PCS1\NLP_project\PronounceAI\librispeech\LibriSpeech\train-clean-100\1081\125237\1081-125237-0036.flac_aug,it had been largely increased by the parliament after sixteen forty eight and its generals blake penn and ayscue had already acquired much valuable experience in their encounters with the royalist squadron under prince rupert,96.88,0.0,0
E:\UMD\Data_641_PCS1\NLP_project\PronounceAI\librispeech\LibriSpeech\train-clean-100\1081\125237\1081-125237-0037.flac,and in long cruises to the west indies for the purpose of forcing the english colonies to acknowledge parliamentary rule the crews therefore were well trained and the ships were larger stronger and better armed than those of the dutch,100.0,98.35,1
E:\UMD\Data_641_PCS1\NLP_project\PronounceAI\librispeech\LibriSpeech\train-clean-100\1081\125237\1081-125237-0037.flac_aug,and in long cruises to the west indies for the purpose of forcing the english colonies to acknowledge parliamentary rule the crews therefore were well trained and the ships were larger stronger and better armed than those of the dutch,27.59,3.01,0
E:\UMD\Data_641_PCS1\NLP_project\PronounceAI\librispeech\LibriSpeech\train-clean-100\1081\125237\1081-125237-0038.flac,the position of england lying as it did athwart the routes by which the dutch merchant fleets must sail was a great advantage even more important was the advantage of having a central control,100.0,98.49,1
E:\UMD\Data_641_PCS1\NLP_project\PronounceAI\librispeech\LibriSpeech\train-clean-100\1081\125237\1081-125237-0038.flac_aug,the position of england lying as it did athwart the routes by which the dutch merchant fleets must sail was a great advantage even more important was the advantage of having a central control,11.11,1.0,0
E:\UMD\Data_641_PCS1\NLP_project\PronounceAI\librispeech\LibriSpeech\train-clean-100\1081\125237\1081-125237-0039.flac,whereas in the netherlands there were five distinct boards of admiralty to some extent jealous of each other and now lacking the supreme direction of an admiral general the war began by a series of english successes and of dutch misfortunes,100.0,96.44,1
E:\UMD\Data_641_PCS1\NLP_project\PronounceAI\librispeech\LibriSpeech\train-clean-100\1081\125237\1081-125237-0039.flac_aug,whereas in the netherlands there were five distinct boards of admiralty to some extent jealous of each other and now lacking the supreme direction of an admiral general the war began by a series of english successes and of dutch misfortunes,61.76,32.53,0
E:\UMD\Data_641_PCS1\NLP_project\PronounceAI\librispeech\LibriSpeech\train-clean-100\1081\125237\1081-125237-0040.flac,early in july sixteen fifty two blake at the head of sixty ships set sail for the north to intercept the dutch baltic commerce and to destroy their fishing fleet off the north of scotland,100.0,96.98,1
E:\UMD\Data_641_PCS1\NLP_project\PronounceAI\librispeech\LibriSpeech\train-clean-100\1081\125237\1081-125237-0040.flac_aug,early in july sixteen fifty two blake at the head of sixty ships set sail for the north to intercept the dutch baltic commerce and to destroy their fishing fleet off the north of scotland,50.91,1.5,0
E:\UMD\Data_641_PCS1\NLP_project\PronounceAI\librispeech\LibriSpeech\train-clean-100\1081\125237\1081-125237-0041.flac,he left ayscue with a small squadron to guard the mouth of the thames tromp meanwhile had put to sea at the head of nearly a hundred ships ayscue succeeded in intercepting a fleet of dutch merchantmen near calais,100.0,97.11,1
E:\UMD\Data_641_PCS1\NLP_project\PronounceAI\librispeech\LibriSpeech\train-clean-100\1081\125237\1081-125237-0041.flac_aug,he left ayscue with a small squadron to guard the mouth of the thames tromp meanwhile had put to sea at the head of nearly a hundred ships ayscue succeeded in intercepting a fleet of dutch merchantmen near calais,100.0,0.0,0
E:\UMD\Data_641_PCS1\NLP_project\PronounceAI\librispeech\LibriSpeech\train-clean-100\1081\125237\1081-125237-0042.flac,all of them being captured or burnt while blake with the main force off the north coast of scotland destroyed the dutch fishing fleet and their convoy after these first blows against the enemy's commerce good fortune continued to attend the english,100.0,98.16,1
E:\UMD\Data_641_PCS1\NLP_project\PronounceAI\librispeech\LibriSpeech\train-clean-100\1081\125237\1081-125237-0042.flac_aug,all of them being captured or burnt while blake with the main force off the north coast of scotland destroyed the dutch fishing fleet and their convoy after these first blows against the enemy's commerce good fortune continued to attend the english,100.0,0.0,0
E:\UMD\Data_641_PCS1\NLP_project\PronounceAI\librispeech\LibriSpeech\train-clean-100\1081\125237\1081-125237-0043.flac,tromp was prevented from following blake by strong northerly winds he then turned upon ayscue whose small force he must have overwhelmed but for a sudden change to a southerly gale the dutch admiral now sailed northwards and july twenty fifth,100.0,97.7,1
E:\UMD\Data_641_PCS1\NLP_project\PronounceAI\librispeech\LibriSpeech\train-clean-100\1081\125237\1081-125237-0043.flac_aug,tromp was prevented from following blake by strong northerly winds he then turned upon ayscue whose small force he must have overwhelmed but for a sudden change to a southerly gale the dutch admiral now sailed northwards and july twenty fifth,16.67,0.5,0
E:\UMD\Data_641_PCS1\NLP_project\PronounceAI\librispeech\LibriSpeech\train-clean-100\1081\125237\1081-125237-0044.flac,found the english fleet off the shetlands a violent storm arose from the force of which blake was protected while the dutch vessels were scattered far and wide on the following day out of ninety nine ships tromp could only collect thirty five,100.0,98.64,1
E:\UMD\Data_641_PCS1\NLP_project\PronounceAI\librispeech\LibriSpeech\train-clean-100\1081\125237\1081-125237-0044.flac_aug,found the english fleet off the shetlands a violent storm arose from the force of which blake was protected while the dutch vessels were scattered far and wide on the following day out of ninety nine ships tromp could only collect thirty five,31.43,2.13,0
E:\UMD\Data_641_PCS1\NLP_project\PronounceAI\librispeech\LibriSpeech\train-clean-100\1081\125237\1081-125237-0045.flac,and to meet and convoy back the home coming ships,82.35,95.55,1
E:\UMD\Data_641_PCS1\NLP_project\PronounceAI\librispeech\LibriSpeech\train-clean-100\1081\125237\1081-125237-0045.flac_aug,and to meet and convoy back the home coming ships,23.53,16.64,0
E:\UMD\Data_641_PCS1\NLP_project\PronounceAI\librispeech\LibriSpeech\train-clean-100\1081\125237\1081-125237-0046.flac,ayscue had previously sailed up channel with forty men of war and five fireships for a similar purpose the two fleets met on august sixteenth and despite his inferiority of force de ruyter forced ayscue to withdraw into plymouth and was able to bring his convoy home to safety,97.62,98.78,1
E:\UMD\Data_641_PCS1\NLP_project\PronounceAI\librispeech\LibriSpeech\train-clean-100\1081\125237\1081-125237-0046.flac_aug,ayscue had previously sailed up channel with forty men of war and five fireships for a similar purpose the two fleets met on august sixteenth and despite his inferiority of force de ruyter forced ayscue to withdraw into plymouth and was able to bring his convoy home to safety,24.39,4.5,0
E:\UMD\Data_641_PCS1\NLP_project\PronounceAI\librispeech\LibriSpeech\train-clean-100\1081\125237\1081-125237-0047.flac,the ill success of tromp though he was in no way to blame for it caused considerable alarm and discontent in holland his enemies of the states party in that province took advantage of it to suspend the gallant old seaman from his command he was an orangist,100.0,96.65,1
E:\UMD\Data_641_PCS1\NLP_project\PronounceAI\librispeech\LibriSpeech\train-clean-100\1081\125237\1081-125237-0047.flac_aug,the ill success of tromp though he was in no way to blame for it caused considerable alarm and discontent in holland his enemies of the states party in that province took advantage of it to suspend the gallant old seaman from his command he was an orangist,94.59,0.75,0
E:\UMD\Data_641_PCS1\NLP_project\PronounceAI\librispeech\LibriSpeech\train-clean-100\1081\125237\1081-125237-0048.flac,and as the orange partisans were everywhere clamorously active the admiral was suspect in his place cornelisz witte de with was appointed a capable sailor but disliked in the fleet as much as tromp was beloved de with effected a junction with de ruyter,93.75,95.38,1
E:\UMD\Data_641_PCS1\NLP_project\PronounceAI\librispeech\LibriSpeech\train-clean-100\1081\125237\1081-125237-0048.flac_aug,and as the orange partisans were everywhere clamorously active the admiral was suspect in his place cornelisz witte de with was appointed a capable sailor but disliked in the fleet as much as tromp was beloved de with effected a junction with de ruyter,45.71,15.98,0
E:\UMD\Data_641_PCS1\NLP_project\PronounceAI\librispeech\LibriSpeech\train-clean-100\1081\125237\1081-125237-0049.flac,and with joint forces they attacked blake on october eighth near the shoal known as the kentish knock the english fleet was considerably more powerful than the dutch and the desertion of de with by some twenty ships decided the issue the dutch had to return home with some loss,100.0,96.97,1
E:\UMD\Data_641_PCS1\NLP_project\PronounceAI\librispeech\LibriSpeech\train-clean-100\1081\125237\1081-125237-0049.flac_aug,and with joint forces they attacked blake on october eighth near the shoal known as the kentish knock the english fleet was considerably more powerful than the dutch and the desertion of de with by some twenty ships decided the issue the dutch had to return home with some loss,94.87,0.5,0
E:\UMD\Data_641_PCS1\NLP_project\PronounceAI\librispeech\LibriSpeech\train-clean-100\1081\125237\1081-125237-0050.flac,but they were deceived in thinking that the struggle in the channel was over for the winter the deserters at the kentish knock were punished,100.0,96.06,1
E:\UMD\Data_641_PCS1\NLP_project\PronounceAI\librispeech\LibriSpeech\train-clean-100\1081\125237\1081-125237-0050.flac_aug,but they were deceived in thinking that the struggle in the channel was over for the winter the deserters at the kentish knock were punished,16.22,3.59,0
E:\UMD\Data_641_PCS1\NLP_project\PronounceAI\librispeech\LibriSpeech\train-clean-100\1081\125237\1081-125237-0051.flac,full of resentment though he was at the bad treatment he had received tromp was too good a patriot to refuse at the end of november the old admiral at the head of one hundred warships put to sea for the purpose of convoying some four hundred fifty merchantmen through the straits,97.37,96.44,1
E:\UMD\Data_641_PCS1\NLP_project\PronounceAI\librispeech\LibriSpeech\train-clean-100\1081\125237\1081-125237-0051.flac_aug,full of resentment though he was at the bad treatment he had received tromp was too good a patriot to refuse at the end of november the old admiral at the head of one hundred warships put to sea for the purpose of convoying some four hundred fifty merchantmen through the straits,90.91,0.25,0
E:\UMD\Data_641_PCS1\NLP_project\PronounceAI\librispeech\LibriSpeech\train-clean-100\1081\125237\1081-125237-0052.flac,stormy weather compelled him to send the convoy with an escort into shelter but he himself with sixty ships set out to seek the english fleet which lay in the downs after some manoeuvring the two fleets met on december tenth off dungeness,100.0,97.6,1
E:\UMD\Data_641_PCS1\NLP_project\PronounceAI\librispeech\LibriSpeech\train-clean-100\1081\125237\1081-125237-0052.flac_aug,stormy weather compelled him to send the convoy with an escort into shelter but he himself with sixty ships set out to seek the english fleet which lay in the downs after some manoeuvring the two fleets met on december tenth off dungeness,87.18,8.58,0
E:\UMD\Data_641_PCS1\NLP_project\PronounceAI\librispeech\LibriSpeech\train-clean-100\1081\125237\1081-125237-0053.flac,while many english prizes were captured this state of things was however not to last long towards the end of february sixteen fifty three blake put to sea with nearly eighty ships and on the twenty fifth off portland met tromp at the head of a force nearly equal to his own in number,100.0,98.46,1
E:\UMD\Data_641_PCS1\NLP_project\PronounceAI\librispeech\LibriSpeech\train-clean-100\1081\125237\1081-125237-0053.flac_aug,while many english prizes were captured this state of things was however not to last long towards the end of february sixteen fifty three blake put to sea with nearly eighty ships and on the twenty fifth off portland met tromp at the head of a force nearly equal to his own in number,100.0,0.25,0
E:\UMD\Data_641_PCS1\NLP_project\PronounceAI\librispeech\LibriSpeech\train-clean-100\1081\125237\1081-125237-0054.flac,and he had moreover been at sea without replenishment of stores ever since the fight at dungeness while the english had come straight from port the fight,100.0,98.31,1
E:\UMD\Data_641_PCS1\NLP_project\PronounceAI\librispeech\LibriSpeech\train-clean-100\1081\125237\1081-125237-0054.flac_aug,and he had moreover been at sea without replenishment of stores ever since the fight at dungeness while the english had come straight from port the fight,100.0,0.5,0
E:\UMD\Data_641_PCS1\NLP_project\PronounceAI\librispeech\LibriSpeech\train-clean-100\1081\125237\1081-125237-0055.flac,had lasted for two whole days when tromp found that his powder had run out and that on the third day more than half his fleet were unable to continue the struggle but inspiring his subordinates de ruyter evertsen and floriszoon with his own indomitable courage,97.44,98.06,1
E:\UMD\Data_641_PCS1\NLP_project\PronounceAI\librispeech\LibriSpeech\train-clean-100\1081\125237\1081-125237-0055.flac_aug,had lasted for two whole days when tromp found that his powder had run out and that on the third day more than half his fleet were unable to continue the struggle but inspiring his subordinates de ruyter evertsen and floriszoon with his own indomitable courage,35.0,4.81,0
E:\UMD\Data_641_PCS1\NLP_project\PronounceAI\librispeech\LibriSpeech\train-clean-100\1081\125237\1081-125237-0056.flac,tromp succeeded by expert seamanship in holding off the enemy and conducting his convoy with small loss into safety,100.0,97.29,1
E:\UMD\Data_641_PCS1\NLP_project\PronounceAI\librispeech\LibriSpeech\train-clean-100\1081\125237\1081-125237-0056.flac_aug,tromp succeeded by expert seamanship in holding off the enemy and conducting his convoy with small loss into safety,26.32,1.5,0
E:\UMD\Data_641_PCS1\NLP_project\PronounceAI\librispeech\LibriSpeech\train-clean-100\1081\125237\1081-125237-0057.flac,meanwhile both nations had been getting sick of the war the dutch were suffering terribly from the serious interference with their commerce and carrying trade and from the destruction of the important fisheries industry,100.0,97.18,1
E:\UMD\Data_641_PCS1\NLP_project\PronounceAI\librispeech\LibriSpeech\train-clean-100\1081\125237\1081-125237-0057.flac_aug,meanwhile both nations had been getting sick of the war the dutch were suffering terribly from the serious interference with their commerce and carrying trade and from the destruction of the important fisheries industry,96.3,26.27,0
E:\UMD\Data_641_PCS1\NLP_project\PronounceAI\librispeech\LibriSpeech\train-clean-100\1081\125237\1081-125237-0058.flac,while the english on their side were shut out from the baltic where the king of denmark as the ally of the united provinces had closed the sound and from the mediterranean where admiral van galen,100.0,93.2,1
E:\UMD\Data_641_PCS1\NLP_project\PronounceAI\librispeech\LibriSpeech\train-clean-100\1081\125237\1081-125237-0058.flac_aug,while the english on their side were shut out from the baltic where the king of denmark as the ally of the united provinces had closed the sound and from the mediterranean where admiral van galen,28.0,6.43,0
E:\UMD\Data_641_PCS1\NLP_project\PronounceAI\librispeech\LibriSpeech\train-clean-100\1081\125237\1081-125237-0059.flac,destroyed a british squadron off leghorn march twenty third in both countries there was a peace party,100.0,99.08,1
E:\UMD\Data_641_PCS1\NLP_project\PronounceAI\librispeech\LibriSpeech\train-clean-100\1081\125237\1081-125237-0059.flac_aug,destroyed a british squadron off leghorn march twenty third in both countries there was a peace party,100.0,0.0,0
E:\UMD\Data_641_PCS1\NLP_project\PronounceAI\librispeech\LibriSpeech\train-clean-100\1081\125237\1081-125237-0060.flac,and was averse to war in the dutch republic the states party especially in holland the chief sufferer by the war was anxious for a cessation of hostilities and it found its leader in the youthful john de witt,100.0,98.74,1
E:\UMD\Data_641_PCS1\NLP_project\PronounceAI\librispeech\LibriSpeech\train-clean-100\1081\125237\1081-125237-0060.flac_aug,and was averse to war in the dutch republic the states party especially in holland the chief sufferer by the war was anxious for a cessation of hostilities and it found its leader in the youthful john de witt,100.0,0.25,0
E:\UMD\Data_641_PCS1\NLP_project\PronounceAI\librispeech\LibriSpeech\train-clean-100\1081\125237\1081-125237-0061.flac,had been appointed council pensionary cromwell took pains to let the estates of holland know his favourable feelings towards them by sending over in february a private emissary,100.0,97.9,1
E:\UMD\Data_641_PCS1\NLP_project\PronounceAI\librispeech\LibriSpeech\train-clean-100\1081\125237\1081-125237-0061.flac_aug,had been appointed council pensionary cromwell took pains to let the estates of holland know his favourable feelings towards them by sending over in february a private emissary,65.45,1.25,0
E:\UMD\Data_641_PCS1\NLP_project\PronounceAI\librispeech\LibriSpeech\train-clean-100\1081\125237\1081-125237-0062.flac,thus early did the new council pensionary initiate a form of diplomacy in which he was to prove himself an adept this first effort was not a success the parliament published the letter with the title humble supplication of the states of holland,100.0,99.11,1
E:\UMD\Data_641_PCS1\NLP_project\PronounceAI\librispeech\LibriSpeech\train-clean-100\1081\125237\1081-125237-0062.flac_aug,thus early did the new council pensionary initiate a form of diplomacy in which he was to prove himself an adept this first effort was not a success the parliament published the letter with the title humble supplication of the states of holland,94.29,1.75,0
E:\UMD\Data_641_PCS1\NLP_project\PronounceAI\librispeech\LibriSpeech\train-clean-100\1081\125237\1081-125237-0063.flac,he induced the states general by a bare majority four provinces to three to send a conciliatory letter the date of which april thirtieth sixteen fifty three coincided with cromwell's forcible dissolution of the rump parliament and the assumption by him,100.0,98.62,1
E:\UMD\Data_641_PCS1\NLP_project\PronounceAI\librispeech\LibriSpeech\train-clean-100\1081\125237\1081-125237-0063.flac_aug,he induced the states general by a bare majority four provinces to three to send a conciliatory letter the date of which april thirtieth sixteen fifty three coincided with cromwell's forcible dissolution of the rump parliament and the assumption by him,50.0,26.79,0
E:\UMD\Data_641_PCS1\NLP_project\PronounceAI\librispeech\LibriSpeech\train-clean-100\1081\125237\1081-125237-0064.flac,with the support of the army of dictatorial powers,100.0,97.26,1
E:\UMD\Data_641_PCS1\NLP_project\PronounceAI\librispeech\LibriSpeech\train-clean-100\1081\125237\1081-125237-0064.flac_aug,with the support of the army of dictatorial powers,76.92,49.77,0
E:\UMD\Data_641_PCS1\NLP_project\PronounceAI\librispeech\LibriSpeech\train-clean-100\1081\125237\1081-125237-0065.flac,and their insistence now on the full satisfaction of all the english demands made a continuation of hostilities inevitable tromp after successfully bringing in two large convoys of merchantmen encountered june twelfth,98.25,97.15,1
E:\UMD\Data_641_PCS1\NLP_project\PronounceAI\librispeech\LibriSpeech\train-clean-100\1081\125237\1081-125237-0065.flac_aug,and their insistence now on the full satisfaction of all the english demands made a continuation of hostilities inevitable tromp after successfully bringing in two large convoys of merchantmen encountered june twelfth,79.31,7.44,0
E:\UMD\Data_641_PCS1\NLP_project\PronounceAI\librispeech\LibriSpeech\train-clean-100\1081\125237\1081-125237-0066.flac,near the gabbard the english fleet under monk and deane each fleet numbered about one hundred sail but the dutch ships were inferior in size solidity and weight of metal for two days the fight was obstinately and fiercely contested,100.0,98.57,1
E:\UMD\Data_641_PCS1\NLP_project\PronounceAI\librispeech\LibriSpeech\train-clean-100\1081\125237\1081-125237-0066.flac_aug,near the gabbard the english fleet under monk and deane each fleet numbered about one hundred sail but the dutch ships were inferior in size solidity and weight of metal for two days the fight was obstinately and fiercely contested,22.86,1.63,0
E:\UMD\Data_641_PCS1\NLP_project\PronounceAI\librispeech\LibriSpeech\train-clean-100\1081\125237\1081-125237-0067.flac,tromp was obliged to retreat having lost twenty ships he complained bitterly as did his vice admirals de ruyter and de with to the board of admiralty of the inferiority of the vessels of his fleet as compared with those of the adversary,100.0,97.33,1
E:\UMD\Data_641_PCS1\NLP_project\PronounceAI\librispeech\LibriSpeech\train-clean-100\1081\125237\1081-125237-0067.flac_aug,tromp was obliged to retreat having lost twenty ships he complained bitterly as did his vice admirals de ruyter and de with to the board of admiralty of the inferiority of the vessels of his fleet as compared with those of the adversary,87.1,14.13,0
E:\UMD\Data_641_PCS1\NLP_project\PronounceAI\librispeech\LibriSpeech\train-clean-100\1081\125237\1081-125237-0068.flac,the english now instituted a blockade of the dutch coast which had the effect of reducing to desperate straits a land whose welfare and prosperity depended wholly on commerce amsterdam was ruined in these circumstances direct negotiation was perforce attempted,100.0,98.56,1
E:\UMD\Data_641_PCS1\NLP_project\PronounceAI\librispeech\LibriSpeech\train-clean-100\1081\125237\1081-125237-0068.flac_aug,the english now instituted a blockade of the dutch coast which had the effect of reducing to desperate straits a land whose welfare and prosperity depended wholly on commerce amsterdam was ruined in these circumstances direct negotiation was perforce attempted,100.0,0.0,0
E:\UMD\Data_641_PCS1\NLP_project\PronounceAI\librispeech\LibriSpeech\train-clean-100\1081\125237\1081-125237-0069.flac,four envoys were sent representing the three maritime provinces at first it seemed impossible that any common ground of agreement could be found cromwell was obsessed with the idea of a politico religious union between the two republics which would have meant the extinction of dutch independence,100.0,98.38,1
E:\UMD\Data_641_PCS1\NLP_project\PronounceAI\librispeech\LibriSpeech\train-clean-100\1081\125237\1081-125237-0069.flac_aug,four envoys were sent representing the three maritime provinces at first it seemed impossible that any common ground of agreement could be found cromwell was obsessed with the idea of a politico religious union between the two republics which would have meant the extinction of dutch independence,97.62,0.0,0
E:\UMD\Data_641_PCS1\NLP_project\PronounceAI\librispeech\LibriSpeech\train-clean-100\1081\125237\1081-125237-0070.flac,una respublica which nothing but sheer conquest and dire necessity would ever induce the dutch people to accept accordingly the war went on though the envoys did not leave london hoping still that some better terms might be offered,97.3,97.67,1
E:\UMD\Data_641_PCS1\NLP_project\PronounceAI\librispeech\LibriSpeech\train-clean-100\1081\125237\1081-125237-0070.flac_aug,una respublica which nothing but sheer conquest and dire necessity would ever induce the dutch people to accept accordingly the war went on though the envoys did not leave london hoping still that some better terms might be offered,97.3,0.0,0
E:\UMD\Data_641_PCS1\NLP_project\PronounceAI\librispeech\LibriSpeech\train-clean-100\1081\125237\1081-125237-0071.flac,but in order to gain breathing space for the efforts of the negotiators one thing was essential the breaking of the blockade the admiralties made a supreme effort to refit and reinforce their fleet but it lay in two portions eighty five sail under tromp in the maas,100.0,97.53,1
E:\UMD\Data_641_PCS1\NLP_project\PronounceAI\librispeech\LibriSpeech\train-clean-100\1081\125237\1081-125237-0071.flac_aug,but in order to gain breathing space for the efforts of the negotiators one thing was essential the breaking of the blockade the admiralties made a supreme effort to refit and reinforce their fleet but it lay in two portions eighty five sail under tromp in the maas,45.95,0.75,0
E:\UMD\Data_641_PCS1\NLP_project\PronounceAI\librispeech\LibriSpeech\train-clean-100\1081\125237\1081-125237-0072.flac,monk with about one hundred ships lay between them to prevent their junction on august fourth tromp sailed out and after a rearguard action off katwijk out manoeuvred the english commander and joined de with he now turned and with superior numbers attacked monk off scheveningen,94.87,93.71,1
E:\UMD\Data_641_PCS1\NLP_project\PronounceAI\librispeech\LibriSpeech\train-clean-100\1081\125237\1081-125237-0072.flac_aug,monk with about one hundred ships lay between them to prevent their junction on august fourth tromp sailed out and after a rearguard action off katwijk out manoeuvred the english commander and joined de with he now turned and with superior numbers attacked monk off scheveningen,29.33,1.5,0
E:\UMD\Data_641_PCS1\NLP_project\PronounceAI\librispeech\LibriSpeech\train-clean-100\1081\125237\1081-125237-0073.flac,the old hero fell mortally wounded at the very beginning of what proved to be an unequal fight,100.0,89.74,1
E:\UMD\Data_641_PCS1\NLP_project\PronounceAI\librispeech\LibriSpeech\train-clean-100\1081\125237\1081-125237-0073.flac_aug,the old hero fell mortally wounded at the very beginning of what proved to be an unequal fight,32.26,1.5,0
E:\UMD\Data_641_PCS1\NLP_project\PronounceAI\librispeech\LibriSpeech\train-clean-100\1081\125237\1081-125237-0074.flac,the states though much perplexed to find a successor to martin tromp were so far from being discouraged that great energy was shown in reorganising the fleet,100.0,96.74,1
E:\UMD\Data_641_PCS1\NLP_project\PronounceAI\librispeech\LibriSpeech\train-clean-100\1081\125237\1081-125237-0074.flac_aug,the states though much perplexed to find a successor to martin tromp were so far from being discouraged that great energy was shown in reorganising the fleet,93.88,28.2,0
E:\UMD\Data_641_PCS1\NLP_project\PronounceAI\librispeech\LibriSpeech\train-clean-100\1081\125237\1081-125237-0075.flac,meanwhile negotiations had been slowly dragging on the accession of cromwell to supreme power in december sixteen fifty three with the title of lord protector,100.0,95.56,1
E:\UMD\Data_641_PCS1\NLP_project\PronounceAI\librispeech\LibriSpeech\train-clean-100\1081\125237\1081-125237-0075.flac_aug,meanwhile negotiations had been slowly dragging on the accession of cromwell to supreme power in december sixteen fifty three with the title of lord protector,34.78,2.0,0
E:\UMD\Data_641_PCS1\NLP_project\PronounceAI\librispeech\LibriSpeech\train-clean-100\1081\125237\1081-125237-0076.flac,for the new ruler of england had always professed himself an opponent of the war which had shattered his fantastic dream of a union between the two republics many conferences took place but the protector's attitude and intentions were ambiguous and difficult to divine,97.3,95.75,1
E:\UMD\Data_641_PCS1\NLP_project\PronounceAI\librispeech\LibriSpeech\train-clean-100\1081\125237\1081-125237-0076.flac_aug,for the new ruler of england had always professed himself an opponent of the war which had shattered his fantastic dream of a union between the two republics many conferences took place but the protector's attitude and intentions were ambiguous and difficult to divine,91.89,0.0,0
E:\UMD\Data_641_PCS1\NLP_project\PronounceAI\librispeech\LibriSpeech\train-clean-100\1081\125237\1081-125237-0077.flac,at last cromwell formulated his proposals in twenty seven articles the demands were those of the victor and were severe all the old disputes were to be settled in favour of england an annual sum was to be paid for the right of fishing,100.0,97.49,1
E:\UMD\Data_641_PCS1\NLP_project\PronounceAI\librispeech\LibriSpeech\train-clean-100\1081\125237\1081-125237-0077.flac_aug,at last cromwell formulated his proposals in twenty seven articles the demands were those of the victor and were severe all the old disputes were to be settled in favour of england an annual sum was to be paid for the right of fishing,86.57,0.0,0
E:\UMD\Data_641_PCS1\NLP_project\PronounceAI\librispeech\LibriSpeech\train-clean-100\1081\125237\1081-125237-0078.flac,compensation to be made for the massacre of amboina and the officials responsible for it punished the number of warships in english waters was to be limited the flag had to be struck when english ships were met and the right of search to be permitted these demands,100.0,96.9,1
E:\UMD\Data_641_PCS1\NLP_project\PronounceAI\librispeech\LibriSpeech\train-clean-100\1081\125237\1081-125237-0078.flac_aug,compensation to be made for the massacre of amboina and the officials responsible for it punished the number of warships in english waters was to be limited the flag had to be struck when english ships were met and the right of search to be permitted these demands,95.52,0.0,0
E:\UMD\Data_641_PCS1\NLP_project\PronounceAI\librispeech\LibriSpeech\train-clean-100\1081\125237\1081-125237-0079.flac,article twelve stipulated that the prince of orange should not at any time hold any of the offices or dignities which had been held by his ancestors or be appointed to any military command,100.0,97.65,1
E:\UMD\Data_641_PCS1\NLP_project\PronounceAI\librispeech\LibriSpeech\train-clean-100\1081\125237\1081-125237-0079.flac_aug,article twelve stipulated that the prince of orange should not at any time hold any of the offices or dignities which had been held by his ancestors or be appointed to any military command,100.0,0.0,0
E:\UMD\Data_641_PCS1\NLP_project\PronounceAI\librispeech\LibriSpeech\train-clean-100\1081\125237\1081-125237-0080.flac,was perfectly aware that it would be useless to present such proposals to the states general not only would they indignantly reject them but he had not the slightest hope of getting any single province even holland to allow a foreign power to interfere with their internal affairs,100.0,98.44,1
E:\UMD\Data_641_PCS1\NLP_project\PronounceAI\librispeech\LibriSpeech\train-clean-100\1081\125237\1081-125237-0080.flac_aug,was perfectly aware that it would be useless to present such proposals to the states general not only would they indignantly reject them but he had not the slightest hope of getting any single province even holland to allow a foreign power to interfere with their internal affairs,24.69,0.0,0
E:\UMD\Data_641_PCS1\NLP_project\PronounceAI\librispeech\LibriSpeech\train-clean-100\1081\125237\1081-125237-0081.flac,and to bid them to treat with harsh ingratitude the infant heir of a family to which the dutch people owed so deep a debt there was nothing for it but to prepare for a vigorous resumption of the war strong efforts were therefore made at de witt's instigation,100.0,98.93,1
E:\UMD\Data_641_PCS1\NLP_project\PronounceAI\librispeech\LibriSpeech\train-clean-100\1081\125237\1081-125237-0081.flac_aug,and to bid them to treat with harsh ingratitude the infant heir of a family to which the dutch people owed so deep a debt there was nothing for it but to prepare for a vigorous resumption of the war strong efforts were therefore made at de witt's instigation,17.39,1.25,0
E:\UMD\Data_641_PCS1\NLP_project\PronounceAI\librispeech\LibriSpeech\train-clean-100\1081\125237\1081-125237-0082.flac,to increase the fleet and secure the active co operation of denmark and france both friendly to the states but cromwell really wanted peace and showed himself ready to yield on certain minor points but he continued to insist on the exclusion of the prince of orange,100.0,97.76,1
E:\UMD\Data_641_PCS1\NLP_project\PronounceAI\librispeech\LibriSpeech\train-clean-100\1081\125237\1081-125237-0082.flac_aug,to increase the fleet and secure the active co operation of denmark and france both friendly to the states but cromwell really wanted peace and showed himself ready to yield on certain minor points but he continued to insist on the exclusion of the prince of orange,85.29,11.37,0
E:\UMD\Data_641_PCS1\NLP_project\PronounceAI\librispeech\LibriSpeech\train-clean-100\1081\125237\1081-125237-0083.flac,not till the dutch envoys had demanded their passports did the protector give way so far as to say he would be content to have the exclusion guaranteed by a secret article what followed forms one of the strangest chapters in the history of diplomacy,100.0,98.62,1
E:\UMD\Data_641_PCS1\NLP_project\PronounceAI\librispeech\LibriSpeech\train-clean-100\1081\125237\1081-125237-0083.flac_aug,not till the dutch envoys had demanded their passports did the protector give way so far as to say he would be content to have the exclusion guaranteed by a secret article what followed forms one of the strangest chapters in the history of diplomacy,94.87,40.96,0
E:\UMD\Data_641_PCS1\NLP_project\PronounceAI\librispeech\LibriSpeech\train-clean-100\1081\125237\1081-125237-0084.flac,he was able to reach the private ear of cromwell and to enter into clandestine negotiations with him the council pensionary knew well the hopelessness of any attempt to get the assent of the states general to the proposed exclusion even in a secret article,100.0,97.99,1
E:\UMD\Data_641_PCS1\NLP_project\PronounceAI\librispeech\LibriSpeech\train-clean-100\1081\125237\1081-125237-0084.flac_aug,he was able to reach the private ear of cromwell and to enter into clandestine negotiations with him the council pensionary knew well the hopelessness of any attempt to get the assent of the states general to the proposed exclusion even in a secret article,36.11,3.61,0
E:\UMD\Data_641_PCS1\NLP_project\PronounceAI\librispeech\LibriSpeech\train-clean-100\1081\125237\1081-125237-0085.flac,of the state of public feeling on this point with the result that the protector gave the envoy to understand that he would be satisfied if the estates of holland alone would affirm a declaration that the prince should never be appointed stadholder or captain general whether this concession was offered by cromwell proprio motu,97.67,97.67,1
E:\UMD\Data_641_PCS1\NLP_project\PronounceAI\librispeech\LibriSpeech\train-clean-100\1081\125237\1081-125237-0085.flac_aug,of the state of public feeling on this point with the result that the protector gave the envoy to understand that he would be satisfied if the estates of holland alone would affirm a declaration that the prince should never be appointed stadholder or captain general whether this concession was offered by cromwell proprio motu,66.67,17.09,0
E:\UMD\Data_641_PCS1\NLP_project\PronounceAI\librispeech\LibriSpeech\train-clean-100\1081\125237\1081-125237-0086.flac,in any case the council pensionary being convinced of the necessity of peace resolved to secure it by playing a very deep and dangerous game not only must the whole affair be kept absolutely from the cognisance of the states general,100.0,96.33,1
E:\UMD\Data_641_PCS1\NLP_project\PronounceAI\librispeech\LibriSpeech\train-clean-100\1081\125237\1081-125237-0086.flac_aug,in any case the council pensionary being convinced of the necessity of peace resolved to secure it by playing a very deep and dangerous game not only must the whole affair be kept absolutely from the cognisance of the states general,100.0,73.21,0
E:\UMD\Data_641_PCS1\NLP_project\PronounceAI\librispeech\LibriSpeech\train-clean-100\1081\125237\1081-125237-0087.flac,but also de witt was fully aware that the assent of the estates of holland to the proposed exclusion article could only be obtained with the greatest difficulty he was to prove himself a very past master in the art of diplomatic chicanery and intrigue,97.3,92.37,1
E:\UMD\Data_641_PCS1\NLP_project\PronounceAI\librispeech\LibriSpeech\train-clean-100\1081\125237\1081-125237-0087.flac_aug,but also de witt was fully aware that the assent of the estates of holland to the proposed exclusion article could only be obtained with the greatest difficulty he was to prove himself a very past master in the art of diplomatic chicanery and intrigue,48.65,0.75,0
E:\UMD\Data_641_PCS1\NLP_project\PronounceAI\librispeech\LibriSpeech\train-clean-100\1081\125237\1081-125237-0088.flac,the council pensionary first set to work to have the treaty from which the exclusion article had been cut out ratified rapidly by the states general,100.0,94.7,1
E:\UMD\Data_641_PCS1\NLP_project\PronounceAI\librispeech\LibriSpeech\train-clean-100\1081\125237\1081-125237-0088.flac_aug,the council pensionary first set to work to have the treaty from which the exclusion article had been cut out ratified rapidly by the states general,100.0,21.92,0
E:\UMD\Data_641_PCS1\NLP_project\PronounceAI\librispeech\LibriSpeech\train-clean-100\1081\125237\1081-125237-0089.flac,the estates adjourned for a recess on april twenty first sixteen fifty four on the following day he presented the treaty to the states general,100.0,90.46,1
E:\UMD\Data_641_PCS1\NLP_project\PronounceAI\librispeech\LibriSpeech\train-clean-100\1081\125237\1081-125237-0089.flac_aug,the estates adjourned for a recess on april twenty first sixteen fifty four on the following day he presented the treaty to the states general,75.0,12.86,0
E:\UMD\Data_641_PCS1\NLP_project\PronounceAI\librispeech\LibriSpeech\train-clean-100\1081\125237\1081-125237-0090.flac,and such was his persuasive skill that he accomplished the unprecedented feat of getting this dilatory body to accept the conditions of peace almost without discussion,100.0,96.87,1
E:\UMD\Data_641_PCS1\NLP_project\PronounceAI\librispeech\LibriSpeech\train-clean-100\1081\125237\1081-125237-0090.flac_aug,and such was his persuasive skill that he accomplished the unprecedented feat of getting this dilatory body to accept the conditions of peace almost without discussion,100.0,0.25,0
E:\UMD\Data_641_PCS1\NLP_project\PronounceAI\librispeech\LibriSpeech\train-clean-100\1081\125237\1081-125237-0091.flac,the treaty ratified and signed was sent back to london only one article aroused opposition,100.0,95.16,1
E:\UMD\Data_641_PCS1\NLP_project\PronounceAI\librispeech\LibriSpeech\train-clean-100\1081\125237\1081-125237-0091.flac_aug,the treaty ratified and signed was sent back to london only one article aroused opposition,100.0,0.0,0
E:\UMD\Data_641_PCS1\NLP_project\PronounceAI\librispeech\LibriSpeech\train-clean-100\1081\125237\1081-125237-0092.flac,the so called temperament clause but cromwell had insisted upon it by this article,100.0,97.73,1
E:\UMD\Data_641_PCS1\NLP_project\PronounceAI\librispeech\LibriSpeech\train-clean-100\1081\125237\1081-125237-0092.flac_aug,the so called temperament clause but cromwell had insisted upon it by this article,6.9,0.5,0
E:\UMD\Data_641_PCS1\NLP_project\PronounceAI\librispeech\LibriSpeech\train-clean-100\1081\125237\1081-125237-0093.flac,or commander of military or naval forces,100.0,95.46,1
E:\UMD\Data_641_PCS1\NLP_project\PronounceAI\librispeech\LibriSpeech\train-clean-100\1081\125237\1081-125237-0093.flac_aug,or commander of military or naval forces,42.86,7.4,0
E:\UMD\Data_641_PCS1\NLP_project\PronounceAI\librispeech\LibriSpeech\train-clean-100\1081\125237\1081-125237-0094.flac,addressed to the estates of holland not at the moment in session,100.0,95.18,1
E:\UMD\Data_641_PCS1\NLP_project\PronounceAI\librispeech\LibriSpeech\train-clean-100\1081\125237\1081-125237-0094.flac_aug,addressed to the estates of holland not at the moment in session,31.58,0.75,0
E:\UMD\Data_641_PCS1\NLP_project\PronounceAI\librispeech\LibriSpeech\train-clean-100\1081\125237\1081-125237-0095.flac,the cleverness and skill now shown by the council pensionary were truly extraordinary a summons was sent out to the estates to meet on april twenty eighth without any reason being assigned the members on assembly were sworn to secrecy,100.0,94.92,1
E:\UMD\Data_641_PCS1\NLP_project\PronounceAI\librispeech\LibriSpeech\train-clean-100\1081\125237\1081-125237-0095.flac_aug,the cleverness and skill now shown by the council pensionary were truly extraordinary a summons was sent out to the estates to meet on april twenty eighth without any reason being assigned the members on assembly were sworn to secrecy,38.81,0.75,0
E:\UMD\Data_641_PCS1\NLP_project\PronounceAI\librispeech\LibriSpeech\train-clean-100\1081\125237\1081-125237-0096.flac,and then the official letter from london was read to them,100.0,91.75,1
E:\UMD\Data_641_PCS1\NLP_project\PronounceAI\librispeech\LibriSpeech\train-clean-100\1081\125237\1081-125237-0096.flac_aug,and then the official letter from london was read to them,100.0,19.37,0
E:\UMD\Data_641_PCS1\NLP_project\PronounceAI\librispeech\LibriSpeech\train-clean-100\1081\125237\1081-125237-0097.flac,to the act of exclusion came upon the estates like a thunder bolt the sudden demand caused something like consternation and the members asked to be allowed to consider the matter with their principals before taking so momentous a decision three days were granted,100.0,98.58,1
E:\UMD\Data_641_PCS1\NLP_project\PronounceAI\librispeech\LibriSpeech\train-clean-100\1081\125237\1081-125237-0097.flac_aug,to the act of exclusion came upon the estates like a thunder bolt the sudden demand caused something like consternation and the members asked to be allowed to consider the matter with their principals before taking so momentous a decision three days were granted,100.0,0.0,0
E:\UMD\Data_641_PCS1\NLP_project\PronounceAI\librispeech\LibriSpeech\train-clean-100\1081\125237\1081-125237-0098.flac,but as it was essential to prevent publicity it was settled that only the burgomasters should be consulted again under oath of secrecy at the meeting on may first,100.0,97.52,1
E:\UMD\Data_641_PCS1\NLP_project\PronounceAI\librispeech\LibriSpeech\train-clean-100\1081\125237\1081-125237-0098.flac_aug,but as it was essential to prevent publicity it was settled that only the burgomasters should be consulted again under oath of secrecy at the meeting on may first,30.19,1.19,0
E:\UMD\Data_641_PCS1\NLP_project\PronounceAI\librispeech\LibriSpeech\train-clean-100\1081\125237\1081-125237-0099.flac,that the act should be placed in his hands within two days after the ratification of the treaty was peremptory and threatening unless he received the act he would consider the treaty as not binding upon him using all his powers of advocacy,97.06,93.31,1
E:\UMD\Data_641_PCS1\NLP_project\PronounceAI\librispeech\LibriSpeech\train-clean-100\1081\125237\1081-125237-0099.flac_aug,that the act should be placed in his hands within two days after the ratification of the treaty was peremptory and threatening unless he received the act he would consider the treaty as not binding upon him using all his powers of advocacy,76.47,1.63,0
E:\UMD\Data_641_PCS1\NLP_project\PronounceAI\librispeech\LibriSpeech\train-clean-100\1081\125237\1081-125237-0100.flac,de witt succeeded after an angry debate in securing a majority for the act five towns however obstinately refused their assent and claimed that it could not be passed without it but de witt had made up his mind to risk illegality,100.0,96.74,1
E:\UMD\Data_641_PCS1\NLP_project\PronounceAI\librispeech\LibriSpeech\train-clean-100\1081\125237\1081-125237-0100.flac_aug,de witt succeeded after an angry debate in securing a majority for the act five towns however obstinately refused their assent and claimed that it could not be passed without it but de witt had made up his mind to risk illegality,96.1,18.99,0
E:\UMD\Data_641_PCS1\NLP_project\PronounceAI\librispeech\LibriSpeech\train-clean-100\1081\125237\1081-125237-0101.flac,and overruled their protest the act was declared to have been passed and was on may fifth sent to van beverningh and nieuwpoort with instructions not to deliver it until circumstances compelled them to do so,93.33,97.42,1
E:\UMD\Data_641_PCS1\NLP_project\PronounceAI\librispeech\LibriSpeech\train-clean-100\1081\125237\1081-125237-0101.flac_aug,and overruled their protest the act was declared to have been passed and was on may fifth sent to van beverningh and nieuwpoort with instructions not to deliver it until circumstances compelled them to do so,24.14,1.38,0
E:\UMD\Data_641_PCS1\NLP_project\PronounceAI\librispeech\LibriSpeech\train-clean-100\1081\125237\1081-125237-0102.flac,but for some five weeks the existence of the act was unknown to the states general and during that period,100.0,97.27,1
E:\UMD\Data_641_PCS1\NLP_project\PronounceAI\librispeech\LibriSpeech\train-clean-100\1081\125237\1081-125237-0102.flac_aug,but for some five weeks the existence of the act was unknown to the states general and during that period,100.0,36.36,0
E:\UMD\Data_641_PCS1\NLP_project\PronounceAI\librispeech\LibriSpeech\train-clean-100\1081\125237\1081-125237-0103.flac,early in june a bribe induced one of de witt's clerks to betray the secret to count william frederick the news soon spread and loud was the outcry of the orange partisans and of the two princesses who at once addressed a remonstrance to the states general,100.0,98.25,1
E:\UMD\Data_641_PCS1\NLP_project\PronounceAI\librispeech\LibriSpeech\train-clean-100\1081\125237\1081-125237-0103.flac_aug,early in june a bribe induced one of de witt's clerks to betray the secret to count william frederick the news soon spread and loud was the outcry of the orange partisans and of the two princesses who at once addressed a remonstrance to the states general,75.36,13.25,0
E:\UMD\Data_641_PCS1\NLP_project\PronounceAI\librispeech\LibriSpeech\train-clean-100\1081\125237\1081-125237-0104.flac,all the other provinces strongly protested against the action of the estates of holland and of the council pensionary de witt attempted to defend himself and the estates by vague statements avoiding the main issue but insisting that nothing illegal had been done his efforts were in vain,100.0,92.13,1
E:\UMD\Data_641_PCS1\NLP_project\PronounceAI\librispeech\LibriSpeech\train-clean-100\1081\125237\1081-125237-0104.flac_aug,all the other provinces strongly protested against the action of the estates of holland and of the council pensionary de witt attempted to defend himself and the estates by vague statements avoiding the main issue but insisting that nothing illegal had been done his efforts were in vain,96.2,0.0,0
E:\UMD\Data_641_PCS1\NLP_project\PronounceAI\librispeech\LibriSpeech\train-clean-100\1081\125237\1081-125237-0105.flac,all the secret instructions they had received from holland and the act of exclusion meanwhile the estates of holland themselves frightened at the clamour which had been aroused began to show signs of defection,100.0,93.11,1
E:\UMD\Data_641_PCS1\NLP_project\PronounceAI\librispeech\LibriSpeech\train-clean-100\1081\125237\1081-125237-0105.flac_aug,all the secret instructions they had received from holland and the act of exclusion meanwhile the estates of holland themselves frightened at the clamour which had been aroused began to show signs of defection,90.57,38.07,0
E:\UMD\Data_641_PCS1\NLP_project\PronounceAI\librispeech\LibriSpeech\train-clean-100\1081\125237\1081-125237-0106.flac,they went so far as to pass a vote of thanks to the envoys for not having delivered the act to cromwell de witt's position appeared hopeless,100.0,95.85,1
E:\UMD\Data_641_PCS1\NLP_project\PronounceAI\librispeech\LibriSpeech\train-clean-100\1081\125237\1081-125237-0106.flac_aug,they went so far as to pass a vote of thanks to the envoys for not having delivered the act to cromwell de witt's position appeared hopeless,93.62,0.0,0
E:\UMD\Data_641_PCS1\NLP_project\PronounceAI\librispeech\LibriSpeech\train-clean-100\1081\125237\1081-125237-0107.flac,his efforts to prevent the resolution of the states general from taking immediate effect proving unavailing he put forward the suggestion that on account of its importance the despatch should be sent to the envoys in cipher,100.0,98.38,1
E:\UMD\Data_641_PCS1\NLP_project\PronounceAI\librispeech\LibriSpeech\train-clean-100\1081\125237\1081-125237-0107.flac_aug,his efforts to prevent the resolution of the states general from taking immediate effect proving unavailing he put forward the suggestion that on account of its importance the despatch should be sent to the envoys in cipher,86.67,6.3,0
E:\UMD\Data_641_PCS1\NLP_project\PronounceAI\librispeech\LibriSpeech\train-clean-100\1081\125237\1081-125237-0108.flac,this was agreed to and on june seventh the document was duly forwarded to london by the council pensionary,100.0,96.22,1
E:\UMD\Data_641_PCS1\NLP_project\PronounceAI\librispeech\LibriSpeech\train-clean-100\1081\125237\1081-125237-0108.flac_aug,this was agreed to and on june seventh the document was duly forwarded to london by the council pensionary,48.48,14.11,0
E:\UMD\Data_641_PCS1\NLP_project\PronounceAI\librispeech\LibriSpeech\train-clean-100\1081\125237\1081-125237-0109.flac,informing them that the estates of holland assented to the request made by the states general and that they were to send back the secret correspondence and also the act if it were still undelivered the result answered to his expectations,100.0,96.8,1
E:\UMD\Data_641_PCS1\NLP_project\PronounceAI\librispeech\LibriSpeech\train-clean-100\1081\125237\1081-125237-0109.flac_aug,informing them that the estates of holland assented to the request made by the states general and that they were to send back the secret correspondence and also the act if it were still undelivered the result answered to his expectations,51.61,6.41,0
E:\UMD\Data_641_PCS1\NLP_project\PronounceAI\librispeech\LibriSpeech\train-clean-100\1081\125237\1081-125237-0110.flac,while the clerk was laboriously deciphering the despatch the envoys read between the lines of de witt's letter and without a moment's delay went to whitehall and placed the act in cromwell's hands the states general had thus no alternative between acceptance of the fait accompli,94.59,96.38,1
E:\UMD\Data_641_PCS1\NLP_project\PronounceAI\librispeech\LibriSpeech\train-clean-100\1081\125237\1081-125237-0110.flac_aug,while the clerk was laboriously deciphering the despatch the envoys read between the lines of de witt's letter and without a moment's delay went to whitehall and placed the act in cromwell's hands the states general had thus no alternative between acceptance of the fait accompli,25.97,5.55,0
E:\UMD\Data_641_PCS1\NLP_project\PronounceAI\librispeech\LibriSpeech\train-clean-100\1081\125237\1081-125237-0111.flac,and the risk of a renewal of the war no further action was taken and the protector professed himself satisfied with a guarantee of such doubtful validity it is impossible to withhold admiration from de witt's marvellous diplomatic dexterity,100.0,98.06,1
E:\UMD\Data_641_PCS1\NLP_project\PronounceAI\librispeech\LibriSpeech\train-clean-100\1081\125237\1081-125237-0111.flac_aug,and the risk of a renewal of the war no further action was taken and the protector professed himself satisfied with a guarantee of such doubtful validity it is impossible to withhold admiration from de witt's marvellous diplomatic dexterity,52.46,7.23,0
E:\UMD\Data_641_PCS1\NLP_project\PronounceAI\librispeech\LibriSpeech\train-clean-100\1081\125237\1081-125237-0112.flac,and from the skill and courage with which he achieved his end in the face of obstacles and difficulties that seemed insurmountable but for the course of double dealing and chicanery by which he triumphed the only defence that can be offered is that the council pensionary,100.0,98.23,1
E:\UMD\Data_641_PCS1\NLP_project\PronounceAI\librispeech\LibriSpeech\train-clean-100\1081\125237\1081-125237-0112.flac_aug,and from the skill and courage with which he achieved his end in the face of obstacles and difficulties that seemed insurmountable but for the course of double dealing and chicanery by which he triumphed the only defence that can be offered is that the council pensionary,91.43,0.0,0
